x,y
0.000000,0.000000
-0.098937,0.240462
-0.215666,0.471683
-0.349801,0.714490
-0.480008,0.934128
-0.628017,1.172743
-0.770107,1.395721
-0.922939,1.630778
-1.061897,1.841156
-1.207980,2.059109
-1.361129,2.284150
-1.521336,2.515905
-1.688666,2.754107
-1.863244,2.998619
-2.014379,3.207154
-2.170773,3.420010
-2.332573,3.637165
-2.499952,3.858575
-2.673099,4.084127
-2.852067,4.313495
-3.036425,4.545995
-3.225402,4.780795
-3.418319,5.017172
-3.614599,5.254491
-3.813662,5.492161
-4.015028,5.729692
-4.218328,5.966690
-4.382153,6.155683
-4.546902,6.343996
-4.712483,6.531523
-4.878816,6.718168
-5.087640,6.950213
-5.297198,7.181077
-5.507185,7.411077
-5.717382,7.640432
-5.927616,7.869328
-6.137739,8.097942
-6.347654,8.326382
-6.557294,8.554703
-6.766609,8.782946
-6.975559,9.011128
-7.184130,9.239246
-7.392320,9.467292
-7.600150,9.695264
-7.807680,9.923181
-8.014968,10.151051
-8.222049,10.378865
-8.428983,10.606643
-8.635784,10.834368
-8.842414,11.061978
-9.048835,11.289432
-9.254967,11.516651
-9.460725,11.743553
-9.666103,11.970144
-9.871107,12.196421
-10.075692,12.422305
-10.279859,12.647776
-10.483657,12.872872
-10.687133,13.097622
-10.890329,13.322046
-11.093298,13.546196
-11.296094,13.770124
-11.498755,13.993875
-11.701303,14.217480
-11.903765,14.440986
-12.106161,14.664420
-12.308522,14.887769
-12.510891,15.110979
-12.713362,15.334002
-12.916061,15.556774
-13.119129,15.779200
-13.322679,16.001165
-13.526806,16.222555
-13.731625,16.443317
-13.937223,16.663428
-14.143642,16.882845
-14.350918,17.101528
-14.559087,17.319457
-14.768216,17.536576
-14.978443,17.752546
-15.189938,17.966882
-15.402830,18.179253
-15.617161,18.389476
-15.832852,18.597633
-16.049754,18.804025
-16.267758,19.008951
-16.486764,19.212656
-16.706629,19.415362
-16.927248,19.617276
-17.148587,19.818586
-17.370558,20.019432
-17.593026,20.219970
-17.815924,20.420451
-18.039222,20.621131
-18.262893,20.822157
-18.486935,21.023325
-18.711353,21.224229
-18.936141,21.424555
-19.161333,21.624167
-19.386917,21.823209
-19.612792,22.021988
-19.838834,22.220741
-20.064925,22.419641
-20.290945,22.618850
-20.516808,22.818394
-20.742526,23.018000
-20.968152,23.217429
-21.193657,23.416795
-21.418990,23.616251
-21.644117,23.815840
-21.868984,24.015642
-22.093542,24.215791
-22.317746,24.416348
-22.541571,24.617349
-22.765034,24.818705
-22.988201,25.020085
-23.211139,25.221298
-23.433855,25.422511
-23.656323,25.623892
-23.878548,25.825534
-24.100516,26.027569
-24.322205,26.230133
-24.543594,26.433300
-24.764658,26.637112
-24.985369,26.841475
-25.205739,27.046084
-25.425773,27.250773
-25.645432,27.455710
-25.864661,27.661073
-26.083415,27.866953
-26.301636,28.073491
-26.519249,28.280826
-26.736200,28.489037
-26.952481,28.698199
-27.168079,28.908360
-27.382975,29.119511
-27.597188,29.331638
-27.810769,29.544735
-28.023754,29.758750
-28.236189,29.973626
-28.448139,30.189318
-28.659672,30.405769
-28.870844,30.622921
-29.081708,30.840739
-29.292306,31.059187
-29.502665,31.278231
-29.712793,31.497858
-29.922680,31.718059
-30.132303,31.938806
-30.341629,32.160061
-30.550625,32.381789
-30.759273,32.603954
-30.967572,32.826515
-31.175534,33.049432
-31.383188,33.272659
-31.590575,33.496145
-31.797748,33.719836
-32.004762,33.943675
-32.211677,34.167608
-32.418561,34.391597
-32.625477,34.615610
-32.832491,34.839622
-33.039695,35.063582
-33.247259,35.287342
-33.455415,35.510672
-33.664399,35.733303
-33.874451,35.954953
-34.085795,36.175353
-34.298630,36.394270
-34.513124,36.611518
-34.729396,36.827006
-34.947530,37.040699
-35.167587,37.252545
-35.389603,37.462494
-35.613579,37.670552
-35.839500,37.876737
-36.067353,38.081038
-36.297105,38.283458
-36.528710,38.484023
-36.762111,38.682753
-36.997250,38.879668
-37.234057,39.074800
-37.472456,39.268195
-37.712364,39.459897
-37.953674,39.649947
-38.196302,39.838403
-38.440181,40.025333
-38.685216,40.210797
-38.931305,40.394853
-39.178367,40.577559
-39.426323,40.758943
-39.675101,40.939020
-39.924685,41.117823
-40.175072,41.295359
-40.426256,41.471613
-40.678247,41.646569
-40.931063,41.820211
-41.184710,41.992513
-41.439189,42.163452
-41.694490,42.333015
-41.950589,42.501205
-42.207450,42.668038
-42.465029,42.833550
-42.723277,42.997784
-42.982141,43.160794
-43.241579,43.322634
-43.501559,43.483367
-43.762052,43.643048
-44.023028,43.801733
-44.284458,43.959479
-44.546307,44.116347
-44.808544,44.272391
-45.071137,44.427666
-45.334053,44.582222
-45.597243,44.736115
-45.860684,44.889406
-46.124344,45.042154
-46.387906,45.194548
-46.650799,45.346990
-46.912825,45.499838
-47.174235,45.653256
-47.435192,45.807367
-47.695719,45.962298
-47.955669,46.118176
-48.214598,46.275214
-48.472074,46.433638
-48.727856,46.593584
-48.981941,46.755051
-49.234652,46.917904
-49.486385,47.081975
-49.737407,47.247111
-49.987663,47.413268
-50.236711,47.580571
-50.484117,47.749159
-50.729635,47.919105
-50.973305,48.090376
-51.215537,48.262782
-51.456796,48.436104
-51.697443,48.610161
-51.937838,48.784770
-52.178291,48.959804
-52.419001,49.135196
-52.660083,49.310906
-52.901462,49.486999
-53.142626,49.663790
-53.382915,49.841689
-53.621837,50.021049
-53.858913,50.202226
-54.093559,50.385636
-54.325279,50.571656
-54.553697,50.760559
-54.778483,50.952547
-54.999394,51.147762
-55.216308,51.346265
-55.429154,51.548066
-55.637897,51.753147
-55.842556,51.961456
-56.043191,52.172905
-56.239902,52.387375
-56.432828,52.604715
-56.622135,52.824755
-56.808013,53.047312
-56.990680,53.272177
-57.170375,53.499128
-57.347322,53.727959
-57.521767,53.958478
-57.694167,54.190497
-57.865108,54.423768
-58.035110,54.658103
-58.204600,54.893478
-58.373866,55.129825
-58.543091,55.367028
-58.712414,55.604994
-58.881932,55.843616
-59.051705,56.082715
-59.221782,56.322100
-59.392223,56.561617
-59.563120,56.801099
-59.734623,57.040345
-59.906899,57.279178
-60.080067,57.517493
-60.254219,57.755215
-60.429421,57.992291
-60.605719,58.228690
-60.783155,58.464400
-60.961777,58.699403
-61.141620,58.933692
-61.322692,59.167245
-61.505013,59.400049
-61.688647,59.632144
-61.873619,59.863519
-62.060007,60.093939
-62.247997,60.322966
-62.437745,60.550234
-62.629296,60.775578
-62.822578,60.999115
-63.017448,61.221135
-63.213764,61.441921
-63.411373,61.661728
-63.610094,61.880789
-63.809787,62.099336
-64.010337,62.317579
-64.211703,62.535539
-64.413946,62.752928
-64.617122,62.969437
-64.821225,63.184928
-65.026204,63.399385
-65.231939,63.613058
-65.438224,63.826324
-65.644884,64.039419
-65.851826,64.252562
-66.058982,64.465985
-66.266300,64.679632
-66.473876,64.893163
-66.681853,65.106259
-66.890299,65.318727
-67.099193,65.530587
-67.308467,65.742085
-67.518048,65.953455
-67.727862,66.164872
-67.937820,66.376504
-68.147849,66.588424
-68.358017,66.800458
-68.568463,67.012230
-68.779270,67.223434
-68.990286,67.434080
-69.200862,67.644726
-69.410303,67.856015
-69.618285,68.068339
-69.824610,68.282053
-70.029119,68.497425
-70.231817,68.714478
-70.432746,68.933098
-70.631560,69.153415
-70.827540,69.375865
-71.020085,69.600841
-71.208739,69.828573
-71.393049,70.059220
-71.572682,70.292943
-71.747473,70.529876
-71.917272,70.770022
-72.081950,71.013318
-72.241454,71.259715
-72.395788,71.509107
-72.545041,71.761337
-72.689672,72.016195
-72.830536,72.273400
-72.968443,72.532594
-73.104080,72.793397
-73.238250,73.055381
-73.371785,73.318039
-73.505314,73.580889
-73.639304,73.843587
-73.774012,74.105997
-73.909526,74.368153
-74.046433,74.629726
-74.185944,74.889831
-74.329170,75.147675
-74.476863,75.402697
-74.629467,75.654301
-74.787204,75.901980
-74.950223,76.145393
-75.118631,76.384238
-75.292489,76.618260
-75.471800,76.847283
-75.656514,77.071235
-75.846518,77.290097
-76.041647,77.503887
-76.241721,77.712652
-76.446568,77.916434
-76.655998,78.115292
-76.869795,78.309315
-77.087737,78.498610
-77.309599,78.683290
-77.535152,78.863481
-77.764152,79.039309
-77.996375,79.210910
-78.231633,79.378436
-78.469725,79.542032
-78.710448,79.701838
-78.953627,79.858002
-79.199081,80.010698
-79.446622,80.160108
-79.696082,80.306391
-79.947302,80.449698
-80.200174,80.590198
-80.454580,80.728164
-80.710349,80.864211
-80.967302,80.999136
-81.225261,81.133611
-81.484038,81.268147
-81.743463,81.402972
-82.003397,81.538075
-82.263757,81.673427
-82.524473,81.808978
-82.785472,81.944625
-83.046699,82.080277
-83.308095,82.215879
-83.569636,82.351392
-83.831315,82.486788
-84.093105,82.622050
-84.354984,82.757169
-84.616939,82.892143
-84.878955,83.026982
-85.141013,83.161704
-85.403099,83.296330
-85.665200,83.430883
-85.927286,83.565400
-86.189346,83.700050
-86.451409,83.835192
-86.713479,83.971154
-86.975529,84.108118
-87.237510,84.246078
-87.499286,84.384984
-87.760413,84.525274
-88.020225,84.667783
-88.278161,84.813181
-88.533747,84.961975
-88.786538,85.114681
-89.036212,85.271686
-89.282535,85.433196
-89.525299,85.599357
-89.764337,85.770276
-89.999548,85.945968
-90.230876,86.126370
-90.458288,86.311387
-90.681759,86.500887
-90.901280,86.694711
-91.116912,86.892696
-91.328956,87.094535
-91.537982,87.299767
-91.744502,87.507989
-91.948901,87.718870
-92.151670,87.931868
-92.353388,88.146245
-92.554485,88.361414
-92.755247,88.577001
-92.955863,88.792856
-93.156397,89.009124
-93.356858,89.226037
-93.557222,89.443754
-93.757405,89.662453
-93.957249,89.882338
-94.156574,90.103571
-94.355212,90.326274
-94.552993,90.550553
-94.749751,90.776473
-94.945328,91.004062
-95.139553,91.233318
-95.332232,91.464207
-95.523174,91.696704
-95.712219,91.930789
-95.899245,92.166436
-96.084160,92.403615
-96.266891,92.642302
-96.447394,92.882471
-96.625644,93.124094
-96.801648,93.367142
-96.975460,93.611584
-97.147204,93.857377
-97.317064,94.104453
-97.485268,94.352742
-97.652105,94.602180
-97.817898,94.852463
-97.983002,95.103050
-98.147751,95.353507
-98.312385,95.603558
-98.476689,95.852925
-98.639426,96.101438
-98.798977,96.349791
-98.954047,96.599029
-99.103383,96.849776
-99.245719,97.102520
-99.380093,97.357845
-99.505860,97.616146
-99.622577,97.877612
-99.730023,98.142392
-99.828261,98.410471
-99.917509,98.681686
-99.998014,98.955869
-100.070249,99.232796
-100.134992,99.512158
-100.193033,99.793665
-100.245033,100.077072
-100.291537,100.362142
-100.332973,100.648652
-100.369716,100.936427
-100.402111,101.225316
-100.430449,101.515179
-100.454969,101.805908
-100.475872,102.097422
-100.493330,102.389659
-100.507500,102.682585
-100.518553,102.976190
-100.526699,103.270489
-100.532173,103.565513
-100.535213,103.861293
-100.536167,104.157781
-100.535599,104.454760
-100.534072,104.751969
-100.531996,105.049205
-100.529745,105.346269
-100.527665,105.642963
-100.526050,105.939121
-100.525175,106.234602
-100.525347,106.529282
-100.526884,106.823069
-100.530041,107.115909
-100.535005,107.407786
-100.541911,107.698710
-100.550839,107.988717
-100.561820,108.277861
-100.574858,108.566203
-100.589933,108.853807
-100.607013,109.140736
-100.626062,109.427040
-100.647029,109.712755
-100.669792,109.997916
-100.694168,110.282570
-100.719919,110.566777
-100.746780,110.850604
-100.774509,111.134121
-100.802890,111.417405
-100.831721,111.700517
-100.860818,111.983535
-100.890025,112.266570
-100.919199,112.549709
-100.948212,112.832999
-100.976956,113.116511
-101.005325,113.400339
-101.033228,113.684531
-101.060608,113.969106
-101.087425,114.254085
-101.113649,114.539477
-101.139268,114.825267
-101.164278,115.111441
-101.188680,115.397977
-101.212488,115.684833
-101.235716,115.971972
-101.258380,116.259391
-101.280489,116.547061
-101.302046,116.834940
-101.323068,117.123002
-101.343570,117.411221
-101.363566,117.699567
-101.383070,117.988014
-101.402088,118.276541
-101.420629,118.565130
-101.438704,118.853761
-101.456323,119.142422
-101.473495,119.431101
-101.490229,119.719786
-101.506525,120.008469
-101.522388,120.297146
-101.537826,120.585811
-101.552834,120.874462
-101.567408,121.163096
-101.581549,121.451696
-101.595254,121.740259
-101.608522,122.028814
-101.621351,122.317367
-101.633735,122.605919
-101.645675,122.894496
-101.657153,123.183094
-101.668132,123.471697
-101.678603,123.760299
-101.688594,124.048911
-101.698127,124.337509
-101.707215,124.626093
-101.715874,124.914699
-101.724129,125.203323
-101.731994,125.491952
-101.739479,125.780592
-101.746599,126.069255
-101.753373,126.357950
-101.759812,126.646663
-101.765921,126.935395
-101.771719,127.224130
-101.777225,127.512861
-101.782439,127.801626
-101.787350,128.090416
-101.791955,128.379177
-101.796247,128.667948
-101.800214,128.956750
-101.803853,129.245550
-101.807171,129.534373
-101.810174,129.823226
-101.812879,130.112040
-101.815308,130.400812
-101.817473,130.689608
-101.819376,130.978406
-101.821023,131.267155
-101.822418,131.555880
-101.823562,131.844604
-101.824457,132.133287
-101.825110,132.421943
-101.825527,132.710606
-101.825719,132.999228
-101.825692,133.287822
-101.825453,133.576463
-101.825011,133.865147
-101.824373,134.153847
-101.823545,134.442578
-101.822528,134.731360
-101.821319,135.020185
-101.819909,135.309040
-101.818287,135.597905
-101.816447,135.886685
-101.814385,136.175360
-101.812097,136.464072
-101.809580,136.752845
-101.806838,137.041599
-101.803890,137.330335
-101.800741,137.619125
-101.797388,137.907964
-101.793836,138.196813
-101.790103,138.485671
-101.786193,138.774552
-101.782098,139.063438
-101.777817,139.352320
-101.773353,139.641216
-101.768702,139.930145
-101.763865,140.219103
-101.758840,140.508087
-101.753628,140.797100
-101.748218,141.086131
-101.742595,141.375159
-101.736741,141.664188
-101.730633,141.953231
-101.724234,142.242308
-101.717484,142.531424
-101.710354,142.820578
-101.702878,143.109772
-101.695062,143.399010
-101.686872,143.688294
-101.678330,143.977622
-101.669508,144.266992
-101.660446,144.556400
-101.651168,144.845846
-101.641714,145.135324
-101.632123,145.424830
-101.622418,145.714359
-101.612606,146.003906
-101.602695,146.293463
-101.592697,146.583021
-101.582626,146.872553
-101.572496,147.162043
-101.562322,147.451456
-101.552116,147.740768
-101.541883,148.030025
-101.531623,148.319222
-101.521342,148.608308
-101.511052,148.897296
-101.500772,149.186232
-101.490526,149.475105
-101.480341,149.763901
-101.470241,150.052633
-101.460251,150.341275
-101.450409,150.629815
-101.440728,150.918316
-101.431208,151.206760
-101.421865,151.495112
-101.412711,151.783425
-101.403757,152.071730
-101.395005,152.360003
-101.386453,152.648243
-101.378099,152.936461
-101.369949,153.224540
-101.362017,153.512418
-101.354303,153.800296
-101.346760,154.088241
-101.339241,154.376210
-101.331549,154.664250
-101.323469,154.952419
-101.314770,155.240713
-101.305225,155.529107
-101.294643,155.817577
-101.282892,156.106052
-101.269891,156.394522
-101.255603,156.683057
-101.240066,156.971639
-101.223387,157.260278
-101.205718,157.549072
-101.187260,157.838089
-101.168253,158.127351
-101.148910,158.416914
-101.129407,158.706829
-101.109970,158.997043
-101.090879,159.287568
-101.072422,159.578545
-101.054885,159.869991
-101.038558,160.161845
-101.023718,160.454104
-101.010613,160.746758
-100.999489,161.039749
-100.990620,161.333014
-100.984255,161.626496
-100.980478,161.920066
-100.979307,162.213565
-100.980768,162.507110
-100.984817,162.800803
-100.991389,163.094555
-101.000486,163.388317
-101.012122,163.682085
-101.026228,163.975778
-101.042694,164.269326
-101.061410,164.562707
-101.082244,164.855886
-101.105056,165.148928
-101.129527,165.442057
-101.154955,165.735502
-101.180561,166.029449
-101.205697,166.324057
-101.229757,166.619449
-101.252203,166.915700
-101.272624,167.212855
-101.290702,167.510946
-101.306216,167.809864
-101.319042,168.109570
-101.329147,168.410384
-101.337197,168.712161
-101.345460,169.014024
-101.356794,169.315129
-101.373450,169.614899
-101.397398,169.912620
-101.430552,170.207506
-101.474421,170.498805
-101.530045,170.785627
-101.598034,171.067174
-101.678522,171.342971
-101.771339,171.612591
-101.876203,171.875551
-101.992705,172.131468
-102.120319,172.380037
-102.258495,172.620925
-102.406676,172.853844
-102.564297,173.078621
-102.730884,173.294978
-102.906087,173.502407
-103.089584,173.700578
-103.281031,173.889487
-103.479976,174.068947
-103.685896,174.238539
-103.898335,174.398032
-104.116863,174.547334
-104.341015,174.686274
-104.570368,174.814711
-104.804555,174.932653
-105.043222,175.040173
-105.286049,175.137338
-105.532782,175.224261
-105.783274,175.301190
-106.037459,175.368440
-106.295244,175.426260
-106.556457,175.474826
-106.820905,175.514230
-107.088458,175.544429
-107.359060,175.565315
-107.632738,175.576779
-107.909380,175.578739
-108.188631,175.571166
-108.470172,175.554157
-108.753824,175.527962
-109.039400,175.492816
-109.326678,175.448860
-109.615491,175.396198
-109.905679,175.334909
-110.197008,175.265012
-110.489211,175.186502
-110.782002,175.099342
-111.075009,175.003428
-111.367859,174.898704
-111.601819,174.808623
-111.835332,174.713017
-112.068245,174.611993
-112.300427,174.505702
-112.531837,174.394376
-112.762542,174.278414
-112.992669,174.158474
-113.222372,174.035387
-113.451833,173.909953
-113.681224,173.782897
-113.910684,173.654924
-114.140332,173.526732
-114.370278,173.398944
-114.600616,173.272106
-114.831425,173.146731
-115.062754,173.023328
-115.294647,172.902390
-115.527140,172.784388
-115.760235,172.669764
-115.993634,172.558908
-116.226650,172.452143
-116.458867,172.349707
-116.690455,172.251786
-116.979436,172.135971
-117.267821,172.027712
-117.555559,171.927239
-117.842874,171.834719
-118.129894,171.750206
-118.416643,171.673671
-118.703188,171.605004
-118.989441,171.543993
-119.275574,171.490458
-119.561941,171.444350
-119.848625,171.405552
-120.135700,171.373653
-120.423419,171.347863
-120.711949,171.327318
-121.001300,171.311282
-121.291476,171.299060
-121.582441,171.290010
-121.874031,171.283809
-122.165987,171.280611
-122.458069,171.280660
-122.750107,171.284072
-123.042067,171.290854
-123.334140,171.300749
-123.626474,171.313279
-123.918953,171.327880
-124.211445,171.344260
-124.503910,171.362696
-124.796371,171.383517
-125.088996,171.406707
-125.382001,171.432225
-125.675539,171.460120
-125.969730,171.490359
-126.264668,171.522884
-126.560307,171.557537
-126.856418,171.593899
-127.152754,171.631542
-127.449112,171.670222
-127.745286,171.709756
-128.041136,171.750030
-128.336658,171.791185
-128.631973,171.833659
-128.927211,171.877920
-129.222446,171.924355
-129.517743,171.973323
-129.813138,172.025104
-130.108466,172.079900
-130.403321,172.137924
-130.697338,172.199359
-130.990295,172.264335
-131.282100,172.332998
-131.572859,172.405544
-131.862730,172.482135
-132.151791,172.562861
-132.440101,172.647784
-132.727751,172.736912
-133.014824,172.830122
-133.301382,172.927173
-133.587390,173.027763
-133.872921,173.131541
-134.158166,173.238101
-134.443170,173.346984
-134.727907,173.457739
-135.012404,173.569928
-135.296686,173.683112
-135.580741,173.796828
-135.864620,173.910523
-136.148438,174.023590
-136.432272,174.135487
-136.716224,174.245785
-137.000384,174.354207
-137.284795,174.460628
-137.569490,174.564983
-137.854474,174.667232
-138.139694,174.767428
-138.425049,174.865757
-138.710343,174.962601
-138.995400,175.058469
-139.280325,175.154016
-139.565483,175.250042
-139.851025,175.347251
-140.136728,175.446320
-140.422022,175.548236
-140.706233,175.654097
-140.988802,175.764936
-141.269216,175.881684
-141.547069,176.004944
-141.822146,176.134978
-142.094250,176.271914
-142.363142,176.415815
-142.628583,176.566711
-142.890241,176.724759
-143.147582,176.890351
-143.399979,177.063834
-143.646843,177.245339
-143.887650,177.434915
-144.121958,177.632543
-144.349409,177.838076
-144.569644,178.051268
-144.782316,178.271886
-144.987018,178.499666
-145.183327,178.734231
-145.370923,178.975154
-145.549503,179.222036
-145.718709,179.474509
-145.878319,179.732141
-146.028502,179.994366
-146.169638,180.260563
-146.302026,180.530190
-146.425960,180.802826
-146.541728,181.078053
-146.649519,181.355434
-146.749536,181.634580
-146.842182,181.915091
-146.927979,182.196558
-147.007470,182.478652
-147.081294,182.761164
-147.150122,183.043864
-147.214605,183.326666
-147.275490,183.609773
-147.333743,183.893128
-147.390463,184.176460
-147.446634,184.459744
-147.503053,184.743110
-147.560270,185.026656
-147.618553,185.310510
-147.677909,185.594836
-147.738201,185.879703
-147.799238,186.165121
-147.860722,186.451175
-147.922218,186.737957
-147.983174,187.025494
-148.043056,187.313799
-148.101729,187.602950
-148.159336,187.893033
-148.215997,188.184111
-148.271856,188.476270
-148.327122,188.769628
-148.381920,189.064208
-148.436193,189.359889
-148.489751,189.656468
-148.542288,189.953738
-148.593416,190.251516
-148.642722,190.549641
-148.689804,190.847985
-148.734279,191.146448
-148.775780,191.444954
-148.813945,191.743434
-148.848429,192.041829
-148.878975,192.340096
-148.905414,192.638212
-148.927639,192.936159
-148.945607,193.233929
-148.959348,193.531499
-148.968996,193.828794
-148.974786,194.125721
-148.977036,194.422210
-148.976106,194.718178
-148.972382,195.013514
-148.966289,195.308286
-148.958229,195.602626
-148.948407,195.896688
-148.936937,196.190717
-148.924014,196.484955
-148.909877,196.779580
-148.894782,197.074752
-148.879083,197.370581
-148.863266,197.667092
-148.847857,197.964283
-148.833369,198.262184
-148.820336,198.560818
-148.809286,198.860092
-148.800645,199.159856
-148.794589,199.460011
-148.791034,199.760504
-148.789844,200.061265
-148.790880,200.362225
-148.793988,200.663314
-148.799010,200.964442
-148.805811,201.265559
-148.814310,201.566700
-148.824490,201.867994
-148.836306,202.169510
-148.849630,202.471256
-148.864250,202.773359
-148.879842,203.076022
-148.895964,203.379377
-148.912082,203.683637
-148.927562,203.989261
-148.941733,204.296645
-148.953960,204.605856
-148.963542,204.916433
-148.969604,205.227571
-148.971141,205.538745
-148.967210,205.849575
-148.957058,206.159338
-148.940081,206.467318
-148.915782,206.773128
-148.883852,207.076498
-148.844161,207.377380
-148.796782,207.675943
-148.742019,207.972370
-148.680266,208.266869
-148.611924,208.559736
-148.537409,208.851271
-148.457192,209.141738
-148.371866,209.431443
-148.282174,209.720711
-148.189055,210.009836
-148.093618,210.299076
-147.997083,210.588600
-147.900600,210.878482
-147.804976,211.168736
-147.710773,211.459377
-147.618403,211.750423
-147.528189,212.041917
-147.440462,212.333957
-147.355517,212.626662
-147.273549,212.920124
-147.194698,213.214350
-147.119054,213.509307
-147.046689,213.804980
-146.977651,214.101342
-146.911885,214.398307
-146.849311,214.695793
-146.789921,214.993759
-146.733742,215.292168
-146.680822,215.590900
-146.631302,215.889362
-146.585414,216.187117
-146.543386,216.484417
-146.505398,216.781459
-146.471604,217.078273
-146.442163,217.375044
-146.417220,217.671977
-146.396929,217.969149
-146.381495,218.266618
-146.371189,218.564413
-146.366264,218.862415
-146.366847,219.160278
-146.372987,219.457596
-146.384701,219.754105
-146.401793,220.049702
-146.423953,220.344429
-146.451511,220.638231
-146.485304,220.930904
-146.525914,221.222262
-146.573605,221.512094
-146.628560,221.800054
-146.691282,222.085799
-146.762566,222.369001
-146.842702,222.649344
-146.931421,222.926560
-147.028447,223.200457
-147.133511,223.470911
-147.246191,223.737852
-147.366077,224.001234
-147.492881,224.260995
-147.626334,224.517077
-147.766173,224.769424
-147.912161,225.017981
-148.064072,225.262714
-148.221700,225.503577
-148.384877,225.740511
-148.553437,225.973471
-148.727203,226.202429
-148.905981,226.427376
-149.089547,226.648307
-149.277687,226.865222
-149.470270,227.078154
-149.667152,227.287109
-149.868159,227.492087
-150.073127,227.693111
-150.281908,227.890202
-150.494345,228.083385
-150.710259,228.272726
-150.929476,228.458298
-151.151838,228.640149
-151.377190,228.818329
-151.605374,228.992939
-151.836240,229.164087
-152.069663,229.331865
-152.305526,229.496347
-152.543714,229.657601
-152.784116,229.815712
-153.026612,229.970775
-153.271102,230.122875
-153.517417,230.272257
-153.764894,230.419305
-154.012691,230.564357
-154.260741,230.708247
-154.509135,230.851906
-154.757612,230.995862
-155.006057,231.140374
-155.254522,231.285594
-155.502938,231.431592
-155.751211,231.578377
-155.999311,231.725946
-156.247182,231.874293
-156.494812,232.023442
-156.742200,232.173428
-156.989308,232.324266
-157.236098,232.475977
-157.482557,232.628585
-157.728671,232.782095
-157.974430,232.936504
-158.219829,233.091813
-158.464840,233.247998
-158.709403,233.405008
-158.953596,233.562873
-159.197503,233.721604
-159.441127,233.881131
-159.684500,234.041398
-159.927677,234.202373
-160.170681,234.363999
-160.413530,234.526215
-160.656233,234.689009
-160.898573,234.852637
-161.139897,235.017928
-161.379503,235.185949
-161.616796,235.357528
-161.851053,235.533362
-162.081496,235.714169
-162.307508,235.900484
-162.528597,236.092584
-162.744356,236.290649
-162.954511,236.494767
-163.158879,236.704852
-163.357329,236.920724
-163.549779,237.142189
-163.736202,237.369016
-163.916609,237.600890
-164.091055,237.837452
-164.259615,238.078360
-164.422361,238.323296
-164.579407,238.571937
-164.730889,238.823917
-164.876953,239.078902
-165.017740,239.336523
-165.153433,239.596536
-165.284206,239.858801
-165.410181,240.123033
-165.531517,240.388918
-165.648451,240.656254
-165.761296,240.924836
-165.870554,241.194456
-165.977007,241.465039
-166.081620,241.736441
-166.185529,242.008366
-166.289755,242.280612
-166.394939,242.553066
-166.501618,242.825553
-166.610312,243.097864
-166.721370,243.369877
-166.834987,243.641494
-166.951325,243.912628
-167.070476,244.183216
-167.192430,244.453107
-167.317200,244.722135
-167.444866,244.990258
-167.575441,245.257403
-167.708934,245.523408
-167.845539,245.788193
-167.985511,246.051713
-168.129028,246.313927
-168.276174,246.574783
-168.426931,246.834247
-168.581218,247.092324
-168.738879,247.348958
-168.899725,247.604067
-169.063568,247.857606
-169.230212,248.109549
-169.399464,248.359874
-169.571164,248.608522
-169.745346,248.855344
-169.922182,249.100143
-170.101862,249.342745
-170.284575,249.582911
-170.470563,249.820348
-170.659969,250.054935
-170.852724,250.286710
-171.048696,250.515648
-171.247764,250.741702
-171.449817,250.964949
-171.654750,251.185503
-171.862434,251.403413
-172.072735,251.618716
-172.285563,251.831464
-172.500846,252.041661
-172.718546,252.249302
-172.938608,252.454407
-173.161007,252.657043
-173.385733,252.857303
-173.612721,253.055270
-173.841865,253.251030
-174.073080,253.444690
-174.306259,253.636359
-174.541234,253.826110
-174.777844,254.014029
-175.016004,254.200248
-175.255646,254.384869
-175.496629,254.567925
-175.738827,254.749456
-175.982194,254.929541
-176.226546,255.108301
-176.471224,255.285996
-176.715577,255.462983
-176.959573,255.639587
-177.203377,255.816066
-177.447012,255.992706
-177.690485,256.169756
-177.933881,256.347411
-178.177208,256.525811
-178.420394,256.705016
-178.663428,256.885064
-178.906302,257.065955
-179.148994,257.247641
-179.391477,257.430018
-179.633698,257.612918
-179.875646,257.796218
-180.117325,257.979800
-180.358743,258.163510
-180.599993,258.347258
-180.841153,258.530981
-181.082222,258.714595
-181.323202,258.898087
-181.564089,259.081495
-181.804898,259.264866
-182.045633,259.448229
-182.286279,259.631638
-182.526828,259.815135
-182.767308,259.998711
-183.007744,260.182360
-183.248148,260.366075
-183.488559,260.549840
-183.729026,260.733619
-183.969671,260.917430
-184.210634,261.101308
-184.451925,261.285187
-184.693569,261.468751
-184.935667,261.651469
-185.178264,261.832895
-185.421385,262.012781
-185.665069,262.191161
-185.909285,262.368330
-186.153947,262.544573
-186.398998,262.720109
-186.644362,262.895148
-186.889931,263.069847
-187.135756,263.244411
-187.381863,263.418988
-187.628141,263.593526
-187.874617,263.767743
-188.121399,263.941384
-188.368441,264.114526
-188.615675,264.287437
-188.863135,264.460423
-189.110804,264.633809
-189.358619,264.807908
-189.606500,264.982753
-189.854335,265.158081
-190.101978,265.333650
-190.349281,265.509272
-190.596169,265.684787
-190.842680,265.860303
-191.088848,266.036207
-191.334592,266.212769
-191.579782,266.390058
-191.824326,266.567978
-192.068201,266.746336
-192.311395,266.924987
-192.553894,267.103978
-192.795722,267.283523
-193.036923,267.463807
-193.277518,267.644936
-193.517513,267.826993
-193.756926,268.009891
-193.995696,268.193437
-194.233372,268.377997
-194.469233,268.564406
-194.702660,268.753257
-194.933031,268.944893
-195.159736,269.139804
-195.382377,269.338554
-195.600861,269.541801
-195.815044,269.750103
-196.024764,269.963804
-196.229829,270.182834
-196.430062,270.406979
-196.625506,270.636439
-196.816087,270.871156
-197.001532,271.110624
-197.181626,271.354479
-197.356243,271.602497
-197.525262,271.854324
-197.688610,272.109594
-197.846273,272.368041
-197.998269,272.629399
-198.144652,272.893384
-198.285485,273.159757
-198.420901,273.428296
-198.551476,273.698715
-198.678159,273.970674
-198.801789,274.243863
-198.923084,274.517996
-199.042766,274.792802
-199.161767,275.067859
-199.281562,275.342346
-199.403776,275.615304
-199.529696,275.885955
-199.660414,276.153676
-199.796990,276.417831
-199.940393,276.677678
-200.091287,276.932566
-200.249715,277.182177
-200.415338,277.426388
-200.587816,277.665112
-200.766766,277.898321
-200.951794,278.126068
-201.142581,278.348434
-201.338801,278.565481
-201.540118,278.777288
-201.746240,278.983952
-201.956887,279.185574
-202.171776,279.382259
-202.390636,279.574116
-202.613249,279.761279
-202.839398,279.943890
-203.068840,280.122088
-203.301322,280.296008
-203.536647,280.465814
-203.774663,280.631689
-204.015179,280.793795
-204.258013,280.952280
-204.503014,281.107313
-204.750028,281.259064
-204.998874,281.407689
-205.249330,281.553316
-205.501328,281.696152
-205.754820,281.836659
-206.009519,281.975654
-206.265094,282.113999
-206.521290,282.252397
-206.777851,282.391303
-207.034534,282.530973
-207.291124,282.671649
-207.547423,282.813552
-207.803220,282.956868
-208.058077,283.102108
-208.311299,283.250172
-208.562281,283.401808
-208.810580,283.557504
-209.055764,283.717702
-209.297465,283.882741
-209.535464,284.052750
-209.769630,284.227728
-209.999888,284.407603
-210.226210,284.592242
-210.448601,284.781475
-210.667095,284.975092
-210.881838,285.172774
-211.093345,285.373894
-211.302398,285.577612
-211.509689,285.783198
-211.715809,285.990033
-211.921341,286.197533
-212.126772,286.405197
-212.332430,286.612601
-212.538625,286.819444
-212.745605,287.025700
-212.953359,287.231554
-213.161931,287.436993
-213.371514,287.641811
-213.582140,287.845949
-213.793687,288.049415
-214.006110,288.252174
-214.219435,288.454250
-214.433579,288.655614
-214.648498,288.856227
-214.864256,289.056116
-215.080843,289.255279
-215.298217,289.453685
-215.516393,289.651329
-215.735392,289.848207
-215.955220,290.044317
-216.175895,290.239687
-216.397433,290.434379
-216.619824,290.628482
-216.843037,290.822119
-217.067007,291.015463
-217.291610,291.208713
-217.516854,291.401854
-217.743251,291.594108
-217.971550,291.784288
-218.202340,291.971436
-218.436104,292.154695
-218.673299,292.333151
-218.914221,292.505996
-219.158857,292.672718
-219.406859,292.833200
-219.657786,292.987535
-219.911286,293.135920
-220.167037,293.278684
-220.424736,293.416192
-220.684156,293.548767
-220.945137,293.676691
-221.207561,293.800264
-221.471362,293.919849
-221.736460,294.035800
-222.002744,294.148420
-222.270135,294.257987
-222.538579,294.364738
-222.808010,294.468888
-223.078369,294.570658
-223.349628,294.670253
-223.621795,294.767861
-223.894846,294.863636
-224.168450,294.957635
-224.442006,295.049834
-224.715450,295.140357
-224.989012,295.229375
-225.262762,295.316968
-225.536788,295.403176
-225.811236,295.488012
-226.086185,295.571451
-226.361720,295.653477
-226.637912,295.734086
-226.914776,295.813263
-227.192354,295.891021
-227.470718,295.967438
-227.749921,296.042595
-228.029987,296.116530
-228.310936,296.189287
-228.592776,296.260913
-228.875577,296.331451
-229.159383,296.400928
-229.444116,296.469347
-229.729532,296.536681
-230.014990,296.602824
-230.300175,296.667724
-230.585333,296.731405
-230.870570,296.793798
-231.155893,296.854800
-231.441483,296.914382
-231.727495,296.972518
-232.014022,297.029161
-232.301166,297.084282
-232.589019,297.137870
-232.877609,297.189924
-233.166967,297.240452
-233.457109,297.289423
-233.747999,297.336794
-234.039632,297.382563
-234.332001,297.426722
-234.625044,297.469250
-234.918789,297.510165
-235.213245,297.549510
-235.508366,297.587317
-235.804146,297.623613
-236.100583,297.658427
-236.397657,297.691791
-236.695365,297.723748
-236.993717,297.754342
-237.292760,297.783615
-237.592496,297.811600
-237.892891,297.838331
-238.193948,297.863839
-238.495539,297.888155
-238.797613,297.911313
-239.100295,297.933363
-239.403578,297.954359
-239.707391,297.974341
-240.011744,297.993349
-240.316605,298.011423
-240.621819,298.028521
-240.927236,298.044509
-241.232776,298.059255
-241.538247,298.072653
-241.843493,298.084589
-242.148500,298.094930
-242.453170,298.103517
-242.757388,298.110226
-243.061206,298.115012
-243.364706,298.117853
-243.667884,298.118721
-243.970802,298.117606
-244.273587,298.114511
-244.576314,298.109443
-244.879068,298.102414
-245.181893,298.093438
-245.484804,298.082532
-245.787839,298.069714
-246.091014,298.055012
-246.394302,298.038455
-246.697678,298.020072
-247.001136,297.999886
-247.304592,297.977917
-247.607860,297.954200
-247.911037,297.928829
-248.214655,297.902002
-248.519049,297.873768
-248.824295,297.844036
-249.130738,297.813019
-249.438798,297.781123
-249.748502,297.748652
-250.059363,297.716084
-250.308318,297.690494
-250.557080,297.665592
-250.867451,297.635246
-251.176930,297.605350
-251.485102,297.575625
-251.791625,297.545754
-252.096388,297.515348
-252.399348,297.484128
-252.700542,297.451888
-253.000164,297.418407
-253.298432,297.383522
-253.595513,297.347371
-253.891632,297.310798
-254.187039,297.274969
-254.481917,297.240821
-254.776406,297.209256
-255.070612,297.181229
-255.364603,297.157441
-255.658416,297.138271
-255.952086,297.123939
-256.245607,297.114530
-256.538974,297.110002
-256.832155,297.110232
-257.125133,297.115028
-257.417913,297.124136
-257.710432,297.137240
-258.002592,297.153934
-258.294375,297.173710
-258.585843,297.195790
-258.877046,297.219149
-259.167975,297.242906
-259.458656,297.266397
-259.749180,297.289053
-260.039688,297.310659
-260.330506,297.331515
-260.621986,297.351972
-260.914343,297.372245
-261.207717,297.392537
-261.502192,297.413012
-261.797789,297.433753
-262.094523,297.454825
-262.392363,297.476269
-262.691260,297.498105
-262.991222,297.520366
-263.292222,297.543076
-263.594142,297.566240
-263.896798,297.589840
-264.200042,297.613836
-264.503777,297.638177
-264.807900,297.662792
-265.112380,297.687610
-265.417185,297.712545
-265.722249,297.737509
-266.027591,297.762415
-266.333222,297.787177
-266.639071,297.811706
-266.945172,297.835937
-267.251577,297.859817
-267.558245,297.883292
-267.865141,297.906321
-268.172252,297.928854
-268.479533,297.950783
-268.786919,297.971975
-269.094411,297.992323
-269.402057,298.011726
-269.709910,298.030093
-270.018009,298.047373
-270.326369,298.063544
-270.635019,298.078607
-270.944030,298.092584
-271.253445,298.105494
-271.563240,298.117357
-271.873390,298.128203
-272.183994,298.138065
-272.495115,298.146986
-272.806736,298.155006
-273.118868,298.162172
-273.368953,298.167324
-273.619364,298.171988
-273.870083,298.176190
-274.121097,298.179958
-274.372421,298.183319
-274.624067,298.186304
-274.876031,298.188940
-275.128299,298.191250
-275.380861,298.193257
-275.633715,298.194986
-275.886856,298.196457
-276.140289,298.197676
-276.394049,298.198646
-276.648224,298.199366
-276.902898,298.199838
-277.158099,298.200063
-277.413803,298.200049
-277.670034,298.199813
-277.926864,298.199383
-278.184327,298.198784
-278.442383,298.198046
-278.700971,298.197203
-278.960028,298.196294
-279.219471,298.195352
-279.479205,298.194401
-279.739148,298.193461
-279.999226,298.192548
-280.259362,298.191667
-280.519482,298.190816
-280.779539,298.189991
-281.039484,298.189183
-281.299299,298.188379
-281.559013,298.187564
-281.818661,298.186722
-282.078251,298.185836
-282.337781,298.184891
-282.597275,298.183876
-282.856767,298.182791
-283.116281,298.181634
-283.375831,298.180405
-283.635433,298.179096
-283.895100,298.177696
-284.154852,298.176194
-284.414723,298.174584
-284.674759,298.172864
-284.935007,298.171029
-285.195486,298.169076
-285.456218,298.167015
-285.717221,298.164864
-285.978491,298.162647
-286.239991,298.160390
-286.501689,298.158118
-286.763564,298.155858
-287.025595,298.153631
-287.287754,298.151450
-287.550018,298.149326
-287.812381,298.147271
-288.074844,298.145293
-288.337399,298.143395
-288.600030,298.141573
-288.862735,298.139826
-289.125518,298.138152
-289.388387,298.136546
-289.651343,298.135000
-289.914388,298.133505
-290.177545,298.132036
-290.440868,298.130511
-290.704429,298.128813
-290.968357,298.126830
-291.232788,298.124467
-291.497818,298.121635
-291.763515,298.118253
-292.029960,298.114254
-292.297286,298.109605
-292.565646,298.104311
-292.835157,298.098414
-293.105879,298.091977
-293.377836,298.085079
-293.651048,298.077814
-293.925529,298.070280
-294.201275,298.062568
-294.478264,298.054757
-294.756488,298.046932
-295.035877,298.039132
-295.316178,298.031271
-295.597024,298.023191
-295.878110,298.014787
-296.159229,298.006026
-296.440237,297.996944
-296.721090,297.987704
-297.001805,297.978569
-297.282342,297.969792
-297.562633,297.961601
-297.842690,297.954249
-298.122603,297.948012
-298.402454,297.943114
-298.682311,297.939706
-298.962286,297.937910
-299.242549,297.937801
-299.523235,297.939376
-299.804358,297.942546
-300.085875,297.947189
-300.367788,297.953213
-300.650113,297.960547
-300.932770,297.969115
-301.215583,297.978846
-301.498341,297.989713
-301.780704,298.001832
-302.062174,298.015461
-302.342310,298.030841
-302.620922,298.048102
-302.898208,298.067296
-303.174656,298.088448
-303.450757,298.111573
-303.726866,298.136687
-304.003169,298.163773
-304.279599,298.192731
-304.555918,298.223413
-304.831938,298.255672
-305.107571,298.289372
-305.382740,298.324372
-305.657344,298.360526
-305.931321,298.397707
-306.204660,298.435834
-306.477334,298.475095
-306.749201,298.516270
-307.020034,298.560496
-307.289650,298.608734
-307.557914,298.661682
-307.824619,298.720015
-308.089430,298.784408
-308.352011,298.855377
-308.612142,298.933271
-308.869590,299.018336
-309.124019,299.110729
-309.375064,299.210481
-309.622404,299.317497
-309.865735,299.431606
-310.104714,299.552623
-310.338985,299.680355
-310.568252,299.814578
-310.792314,299.955019
-311.011038,300.101337
-311.224351,300.253124
-311.432210,300.409968
-311.634545,300.571540
-311.831264,300.737584
-312.022298,300.907870
-312.207606,301.082175
-312.387150,301.260310
-312.560881,301.442127
-312.728749,301.627504
-312.930262,301.864065
-313.122455,302.105823
-313.305273,302.352601
-313.478682,302.604230
-313.642674,302.860527
-313.797264,303.121319
-313.942477,303.386433
-314.078325,303.655653
-314.204823,303.928767
-314.321985,304.205579
-314.429817,304.485882
-314.528321,304.769440
-314.617489,305.055976
-314.697329,305.345229
-314.767975,305.636917
-314.829862,305.930631
-314.883628,306.225905
-314.929910,306.522337
-314.969650,306.819592
-315.004641,307.117272
-315.036946,307.414930
-315.068262,307.712196
-315.100126,308.008731
-315.134040,308.304194
-315.171199,308.598380
-315.212522,308.891138
-315.258832,309.182291
-315.310754,309.471757
-315.368607,309.759490
-315.432589,310.045448
-315.502973,310.329509
-315.580073,310.611372
-315.664077,310.890741
-315.755010,311.167413
-315.852895,311.441239
-315.957703,311.712079
-316.069279,311.979842
-316.187395,312.244499
-316.311769,312.506021
-316.442064,312.764421
-316.577983,313.019808
-316.719241,313.272303
-316.865460,313.521920
-317.015978,313.768353
-317.170154,314.011315
-317.327745,314.251086
-317.488420,314.488226
-317.651707,314.723195
-317.817398,314.956324
-317.985477,315.187877
-318.155901,315.418038
-318.328638,315.646920
-318.503753,315.874597
-318.681343,316.101062
-318.861488,316.326206
-319.044278,316.549908
-319.229819,316.772083
-319.418153,316.992638
-319.609262,317.211462
-319.803142,317.428474
-319.999788,317.643610
-320.199207,317.856810
-320.401274,318.067906
-320.605668,318.276561
-320.812607,318.482844
-321.022427,318.686988
-321.235008,318.888921
-321.450211,319.088553
-321.668027,319.285938
-321.888390,319.481105
-322.111192,319.674041
-322.336354,319.864785
-322.563791,320.053407
-322.793420,320.239961
-323.025191,320.424514
-323.259021,320.607131
-323.494780,320.787860
-323.732349,320.966686
-323.971649,321.143313
-324.212643,321.317333
-324.455256,321.488583
-324.699388,321.657196
-324.944848,321.823628
-325.191343,321.988457
-325.438648,322.152283
-325.686601,322.315683
-325.935013,322.479103
-326.183761,322.642833
-326.432802,322.806953
-326.682119,322.971184
-326.931709,323.135124
-327.181566,323.298575
-327.431636,323.461626
-327.681858,323.624494
-327.932212,323.787371
-328.182665,323.950410
-328.433167,324.113630
-328.683760,324.276755
-328.934503,324.439522
-329.185356,324.602038
-329.436284,324.764518
-329.687310,324.927004
-329.938440,325.089285
-330.189673,325.251054
-330.441040,325.412115
-330.692332,325.572668
-330.942887,325.733506
-331.192025,325.895527
-331.439237,326.059434
-331.683960,326.225938
-331.925610,326.395747
-332.163757,326.569380
-332.398081,326.747189
-332.628321,326.929433
-332.854316,327.116247
-333.075977,327.307641
-333.293209,327.503585
-333.505949,327.703989
-333.714361,327.908650
-333.919046,328.117206
-334.120733,328.329227
-334.319994,328.544334
-334.517352,328.762174
-334.713301,328.982351
-334.908295,329.204389
-335.102712,329.427672
-335.296832,329.651629
-335.490842,329.875923
-335.684825,330.100521
-335.878790,330.325545
-336.072686,330.551125
-336.266181,330.777469
-336.458478,331.004923
-336.648748,331.233789
-336.836437,331.464331
-337.021290,331.696817
-337.203293,331.931400
-337.382519,332.168146
-337.559025,332.407122
-337.732829,332.648393
-337.903914,332.892001
-338.072242,333.137975
-338.237786,333.386308
-338.400519,333.636948
-338.560446,333.889896
-338.717594,334.145136
-338.871983,334.402569
-339.023649,334.662062
-339.172639,334.923481
-339.319006,335.186691
-339.462824,335.451558
-339.604200,335.717945
-339.743243,335.985688
-339.880034,336.254575
-340.014741,336.524577
-340.147545,336.795711
-340.278552,337.067871
-340.407868,337.340984
-340.535603,337.615049
-340.661841,337.890041
-340.786649,338.165951
-340.910103,338.442836
-341.032274,338.720766
-341.153228,338.999800
-341.273078,339.280119
-341.391959,339.561983
-341.509952,339.845520
-341.627097,340.130727
-341.743423,340.417603
-341.858952,340.706147
-341.973720,340.996373
-342.065043,341.229817
-342.155973,341.464290
-342.246527,341.699359
-342.336747,341.934463
-342.426701,342.169185
-342.516441,342.403221
-342.628375,342.694339
-342.740155,342.983430
-342.851967,343.270279
-342.964026,343.554830
-343.076563,343.837102
-343.189818,344.117240
-343.304023,344.395494
-343.419400,344.672117
-343.536197,344.947383
-343.654630,345.221594
-343.774761,345.495025
-343.896406,345.767855
-344.019263,346.040153
-344.143008,346.312007
-344.267302,346.583528
-344.391794,346.854803
-344.516134,347.125925
-344.639953,347.396930
-344.762937,347.668193
-344.884828,347.940350
-345.005381,348.213671
-345.124515,348.488128
-345.242353,348.763618
-345.359020,349.039985
-345.474597,349.317034
-345.589198,349.594589
-345.702927,349.872486
-345.815839,350.150533
-345.928031,350.428626
-346.039647,350.706673
-346.150812,350.984483
-346.261668,351.261857
-346.372333,351.538669
-346.482877,351.814842
-346.593391,352.090342
-346.704096,352.365116
-346.815343,352.639027
-346.927493,352.911928
-347.040948,353.183758
-347.156075,353.454458
-347.273077,353.724010
-347.391894,353.992642
-347.512331,354.260688
-347.634241,354.528315
-347.757661,354.795459
-347.882752,355.061938
-348.009635,355.327571
-348.138349,355.592132
-348.268859,355.855629
-348.400979,356.118464
-348.534444,356.380906
-348.669191,356.642896
-348.805356,356.904262
-348.943028,357.164870
-349.082144,357.424720
-349.222501,357.684026
-349.363868,357.943026
-349.506038,358.201852
-349.648845,358.460671
-349.792237,358.719594
-349.936354,358.978376
-350.081389,359.236674
-350.227480,359.494309
-350.374775,359.751193
-350.523431,360.007236
-350.673592,360.262371
-350.825440,360.516578
-350.979186,360.769808
-351.135083,361.021948
-351.293401,361.272820
-351.454378,361.522215
-351.618195,361.769943
-351.784938,362.015873
-351.954642,362.259895
-352.127345,362.501910
-352.303081,362.741856
-352.481857,362.979687
-352.663623,363.215335
-352.848335,363.448765
-353.035961,363.679955
-353.226439,363.908871
-353.419688,364.135503
-353.615628,364.359874
-353.814174,364.582012
-354.015223,364.801956
-354.218670,365.019768
-354.424402,365.235516
-354.632298,365.449277
-354.842223,365.661156
-355.054028,365.871270
-355.267456,366.079819
-355.481832,366.287350
-355.696261,366.494591
-355.910103,366.702135
-356.123018,366.910480
-356.334899,367.120111
-356.545843,367.331499
-356.755942,367.544751
-356.965178,367.759540
-357.173566,367.975545
-357.381171,368.192543
-357.588029,368.410283
-357.794169,368.628551
-357.999621,368.847228
-358.204360,369.066340
-358.408321,369.286137
-358.611426,369.506865
-358.813554,369.728525
-359.014696,369.951031
-359.214935,370.174244
-359.414319,370.397949
-359.612916,370.621966
-359.810824,370.846182
-360.008063,371.070604
-360.204615,371.295418
-360.400505,371.520845
-360.595796,371.747028
-360.790590,371.974049
-360.985030,372.201961
-361.179340,372.430748
-361.373784,372.660004
-361.568636,372.889053
-361.764204,373.117444
-361.960711,373.345023
-362.158195,373.571933
-362.356584,373.798438
-362.555728,374.024655
-362.755192,374.250149
-362.954537,374.474296
-363.153857,374.697289
-363.353280,374.919589
-363.552688,375.141283
-363.751979,375.362430
-363.951133,375.583239
-364.150112,375.803837
-364.348897,376.024301
-364.547508,376.244749
-364.745925,376.465239
-364.944162,376.685832
-365.142277,376.906630
-365.340278,377.127702
-365.538131,377.349073
-365.735877,377.570653
-365.933659,377.792187
-366.131529,378.013569
-366.329435,378.235048
-366.527388,378.456944
-366.725407,378.679369
-366.923506,378.902177
-367.121769,379.125091
-367.320268,379.347871
-367.519072,379.570355
-367.718234,379.792496
-367.917698,380.014529
-368.117328,380.236808
-368.317015,380.459562
-368.516702,380.682792
-368.716378,380.906249
-368.916107,381.129703
-369.115911,381.353107
-369.315668,381.576592
-369.515245,381.800345
-369.714591,382.024512
-369.913717,382.249026
-370.112692,382.473600
-370.311602,382.697990
-370.510520,382.922098
-370.709412,383.145968
-370.908262,383.369761
-371.107116,383.593600
-371.306003,383.817520
-371.504947,384.041549
-371.703984,384.265723
-371.903132,384.490050
-372.102402,384.714490
-372.301881,384.938789
-372.501730,385.162599
-372.701978,385.385913
-372.902542,385.608904
-373.103394,385.831632
-373.304502,386.054150
-373.505799,386.276571
-373.707261,386.498991
-373.908878,386.721442
-374.110629,386.943923
-374.312586,387.166225
-374.514883,387.387996
-374.717514,387.609197
-374.920416,387.830021
-375.123577,388.050561
-375.326966,388.270880
-375.530523,388.491105
-375.734218,388.711331
-375.938029,388.931600
-376.141938,389.151923
-376.346015,389.372096
-376.550392,389.591770
-376.755074,389.810933
-376.959993,390.029777
-377.165127,390.248372
-377.370461,390.466774
-377.575946,390.685109
-377.781553,390.903454
-377.987273,391.121831
-378.193095,391.340241
-378.399089,391.558467
-378.605370,391.776132
-378.811887,391.993138
-379.018621,392.209718
-379.225644,392.426045
-379.432928,392.642163
-379.640406,392.858183
-379.848065,393.074222
-380.055911,393.290255
-380.264011,393.506013
-380.472471,393.721217
-380.681274,393.935932
-380.890352,394.150322
-381.099679,394.364431
-381.309230,394.578323
-381.518985,394.792075
-381.728984,395.005660
-381.939309,395.218997
-382.150035,395.432023
-382.361229,395.644671
-382.572947,395.856873
-382.785237,396.068571
-382.998170,396.279575
-383.211886,396.489470
-383.426470,396.698035
-383.641900,396.905406
-383.858160,397.111690
-384.075252,397.316918
-384.293143,397.521210
-384.511791,397.724700
-384.731191,397.927393
-384.951389,398.129023
-385.172391,398.329189
-385.394252,398.527914
-385.617009,398.725503
-385.840592,398.922096
-386.064930,399.117817
-386.289979,399.312885
-386.515682,399.507447
-386.742009,399.701477
-386.969014,399.894736
-387.196709,400.087081
-387.424954,400.278719
-387.653634,400.469935
-387.882709,400.660918
-388.112103,400.851796
-388.341801,401.042464
-388.571894,401.232562
-388.802410,401.421990
-389.033299,401.610981
-389.264585,401.799723
-389.496315,401.988319
-389.728434,402.176883
-389.960951,402.365355
-390.193957,402.553345
-390.427488,402.740451
-390.661531,402.926546
-390.896039,403.111796
-391.130938,403.296431
-391.366158,403.480639
-391.601642,403.664607
-391.837321,403.848499
-392.073131,404.032394
-392.309114,404.216206
-392.545364,404.399589
-392.781898,404.582246
-393.018687,404.764121
-393.255681,404.945398
-393.492774,405.126423
-393.729830,405.307561
-393.966728,405.489135
-394.203356,405.671375
-394.439625,405.854272
-394.675546,406.037627
-394.911138,406.221260
-395.146381,406.405029
-395.381278,406.588805
-395.615835,406.772631
-395.850015,406.956782
-396.083777,407.141528
-396.317095,407.327016
-396.549886,407.513148
-396.782000,407.699625
-397.013603,407.886406
-397.244883,408.073581
-397.475787,408.261217
-397.706309,408.449308
-397.936554,408.637700
-398.166550,408.826243
-398.396272,409.014979
-398.625704,409.204138
-398.854789,409.393913
-399.083370,409.584352
-399.311475,409.775642
-399.539251,409.967983
-399.766709,410.161342
-399.993891,410.355505
-400.220994,410.550037
-400.448196,410.744419
-400.675594,410.938335
-400.903213,411.131823
-401.131012,411.325055
-401.358923,411.518149
-401.586933,411.711290
-401.815019,411.904665
-402.043132,412.098339
-402.271302,412.292136
-402.499629,412.485705
-402.728132,412.678947
-402.956747,412.872057
-403.185431,413.065178
-403.414146,413.258395
-403.642826,413.451836
-403.871434,413.645633
-404.099978,413.839799
-404.328504,414.034079
-404.557077,414.228194
-404.785684,414.422213
-405.014273,414.616311
-405.242811,414.810553
-405.471270,415.005036
-405.699578,415.199866
-405.927582,415.394980
-406.155385,415.590311
-406.383226,415.785693
-406.611099,415.981033
-406.838926,416.176492
-407.066697,416.372213
-407.294354,416.568244
-407.521813,416.764630
-407.749084,416.961224
-407.976253,417.157669
-408.203332,417.353869
-408.430293,417.550062
-408.657128,417.746412
-408.883810,417.942994
-409.110282,418.139945
-409.336507,418.337374
-409.562489,418.535191
-409.788310,418.733068
-410.014055,418.930782
-410.239727,419.128457
-410.465294,419.326268
-410.690737,419.524292
-410.916022,419.722634
-411.141120,419.921392
-411.366043,420.120536
-411.590868,420.319830
-411.815737,420.518874
-412.040746,420.717530
-412.265907,420.915922
-412.491221,421.114100
-412.716511,421.311918
-412.941256,421.509027
-413.165307,421.705404
-413.388888,421.901273
-413.612069,422.096700
-413.834867,422.291707
-414.057423,422.486415
-414.279870,422.680934
-414.502258,422.875314
-414.724634,423.069611
-414.947041,423.263885
-415.169521,423.458192
-415.392106,423.652584
-415.614811,423.847095
-415.837659,424.041692
-416.060744,424.236092
-416.284208,424.429912
-416.508119,424.623142
-416.732457,424.816034
-416.957178,425.008776
-417.182216,425.201535
-417.407481,425.394509
-417.632927,425.587688
-417.858569,425.780847
-418.084428,425.973835
-418.310499,426.166746
-418.536747,426.359900
-418.763107,426.553578
-418.989499,426.747838
-419.215886,426.942483
-419.442257,427.137263
-419.668593,427.331988
-419.894887,427.526493
-420.121132,427.720712
-420.347259,427.914857
-420.573165,428.109260
-420.798781,428.304153
-421.024058,428.499726
-421.248968,428.696123
-421.473550,428.893211
-421.697875,429.090660
-421.921982,429.288206
-422.145889,429.485734
-422.369624,429.683327
-422.593226,429.881149
-422.816706,430.079287
-423.040071,430.277771
-423.263391,430.476660
-423.486851,430.676034
-423.710564,430.875688
-423.934492,431.075034
-424.158826,431.273669
-424.383818,431.471398
-424.609427,431.668091
-424.835545,431.863961
-425.062144,432.059359
-425.289142,432.254502
-425.516424,432.449580
-425.743887,432.644778
-425.971392,432.840136
-426.198847,433.035419
-426.426436,433.230417
-426.654238,433.425203
-426.882111,433.619900
-427.109999,433.814575
-427.337946,434.009366
-427.565906,434.204384
-427.793839,434.399474
-428.021877,434.594307
-428.250068,434.788748
-428.478244,434.982925
-428.706373,435.177053
-428.934507,435.371309
-429.162590,435.565846
-429.390537,435.760770
-429.618369,435.956078
-429.846175,436.151481
-430.074066,436.346587
-430.302118,436.541175
-430.530265,436.735267
-430.758416,436.929067
-430.986582,437.122839
-431.214724,437.316770
-431.442748,437.511004
-431.670601,437.705663
-431.898269,437.900809
-432.125789,438.096267
-432.353257,438.291643
-432.580736,438.486607
-432.808247,438.681098
-433.035773,438.875309
-433.263285,439.069459
-433.490764,439.263715
-433.718211,439.458219
-433.945627,439.653053
-434.173006,439.848182
-434.400418,440.043336
-434.627977,440.238134
-434.855701,440.432515
-435.083563,440.626627
-435.311608,440.820558
-435.539851,441.014392
-435.768265,441.208255
-435.996813,441.402203
-436.225494,441.596098
-436.454429,441.789591
-436.683705,441.982423
-436.913244,442.174681
-437.142966,442.366532
-437.372861,442.558066
-437.602884,442.749398
-437.833049,442.940723
-438.063408,443.132100
-438.294074,443.323280
-438.525250,443.513894
-438.757027,443.703641
-438.989383,443.892414
-439.222261,444.080404
-439.455578,444.267877
-439.689241,444.455014
-439.923161,444.641991
-440.157293,444.828921
-440.391607,445.015679
-440.626058,445.202074
-440.860582,445.388100
-441.095070,445.574011
-441.329378,445.760159
-441.563367,445.946789
-441.796953,446.133985
-442.030134,446.321636
-442.262853,446.509513
-442.495140,446.697557
-442.727037,446.885919
-442.958459,447.074785
-443.189378,447.264305
-443.419848,447.454439
-443.649876,447.644991
-443.879455,447.835812
-444.108608,448.026911
-444.337326,448.218464
-444.565577,448.410670
-444.793362,448.603585
-445.020714,448.797045
-445.247671,448.990831
-445.474254,449.184843
-445.700450,449.379182
-445.926237,449.574032
-446.151615,449.769480
-446.376611,449.965577
-446.601247,450.162350
-446.825566,450.359715
-447.049726,450.557570
-447.273912,450.755786
-447.498294,450.953991
-447.723084,451.151582
-447.948483,451.348047
-448.174607,451.543086
-448.401494,451.736622
-448.629186,451.928589
-448.857794,452.118681
-449.087421,452.306572
-449.318128,452.492065
-449.549986,452.674959
-449.783069,452.855046
-450.017413,453.032213
-450.253042,453.206492
-450.489984,453.377996
-450.728229,453.546836
-450.967757,453.713094
-451.208573,453.876772
-451.450674,454.037848
-451.694077,454.196347
-451.938802,454.352299
-452.184829,454.505710
-452.432129,454.656544
-452.680721,454.804676
-452.930647,454.949930
-453.181921,455.092189
-453.434532,455.231429
-453.688469,455.367725
-453.943716,455.501232
-454.200242,455.632124
-454.458017,455.760558
-454.717015,455.886662
-454.977207,456.010563
-455.238563,456.132409
-455.501061,456.252355
-455.764690,456.370557
-456.029447,456.487159
-456.295320,456.602282
-456.562249,456.716006
-456.830261,456.828454
-457.099407,456.939756
-457.369656,457.049970
-457.640973,457.159122
-457.913340,457.267252
-458.186711,457.374395
-458.461026,457.480565
-458.736235,457.585761
-459.012277,457.689977
-459.289073,457.793193
-459.566583,457.895384
-459.844779,457.996466
-460.123609,458.096250
-460.403029,458.194505
-460.683016,458.291010
-460.963557,458.385570
-461.244672,458.478040
-461.526393,458.568335
-461.808737,458.656435
-462.091704,458.742370
-462.375321,458.826198
-462.659604,458.907949
-462.944533,458.987632
-463.230069,459.065261
-463.516175,459.140855
-463.802884,459.214449
-464.090201,459.286073
-464.378087,459.355761
-464.666524,459.423555
-464.955499,459.489493
-465.244982,459.553620
-465.534956,459.615980
-465.825423,459.676600
-466.116397,459.735498
-466.407902,459.792697
-466.700042,459.848234
-466.993020,459.902165
-467.286888,459.954548
-467.581566,460.005456
-467.877067,460.055005
-468.173495,460.103339
-468.470898,460.150580
-468.769166,460.196705
-469.067926,460.241461
-469.366907,460.284605
-469.666083,460.326048
-469.965428,460.365703
-470.264891,460.403487
-470.564475,460.439378
-470.864194,460.473375
-471.164068,460.505470
-471.464115,460.535660
-471.764336,460.563953
-472.064729,460.590358
-472.365294,460.614896
-472.666024,460.637603
-472.966909,460.658528
-473.267936,460.677730
-473.569091,460.695273
-473.870354,460.711226
-474.171714,460.725660
-474.473158,460.738635
-474.774672,460.750202
-475.076243,460.760412
-475.377848,460.769320
-475.679465,460.776986
-475.981114,460.783467
-476.282802,460.788814
-476.584523,460.793092
-476.886283,460.796374
-477.188093,460.798728
-477.489953,460.800216
-477.791863,460.800897
-478.093831,460.800827
-478.395861,460.800063
-478.697967,460.798667
-479.000169,460.796700
-479.302488,460.794216
-479.604933,460.791268
-479.907514,460.787908
-480.210284,460.784184
-480.513284,460.780139
-480.816520,460.775811
-481.120014,460.771243
-481.423799,460.766484
-481.727894,460.761575
-482.032315,460.756559
-482.337088,460.751479
-482.642188,460.746368
-482.947084,460.741244
-483.250955,460.736117
-483.554058,460.731002
-483.856861,460.725892
-484.159328,460.720713
-484.461584,460.715395
-484.763971,460.709916
-485.066641,460.704259
-485.369675,460.698415
-485.673197,460.692428
-485.977260,460.686346
-486.281945,460.680223
-486.587340,460.674127
-486.893464,460.668128
-487.200336,460.662286
-487.507989,460.656650
-487.816414,460.651252
-488.125606,460.646116
-488.435578,460.641261
-488.746331,460.636695
-489.057857,460.632417
-489.370160,460.628427
-489.620567,460.625439
-489.871473,460.622624
-490.122880,460.619978
-490.374788,460.617494
-490.627204,460.615171
-490.880131,460.613005
-491.133574,460.610997
-491.387537,460.609149
-491.642024,460.607465
-491.897026,460.605949
-492.152532,460.604606
-492.408544,460.603423
-492.665054,460.602369
-492.922039,460.601405
-493.179473,460.600498
-493.437338,460.599613
-493.695628,460.598707
-493.954349,460.597743
-494.213509,460.596693
-494.473119,460.595541
-494.733185,460.594282
-494.993702,460.592921
-495.254678,460.591467
-495.516127,460.589925
-495.778051,460.588307
-496.040448,460.586632
-496.303328,460.584927
-496.566701,460.583225
-496.830574,460.581556
-497.094946,460.579953
-497.359823,460.578447
-497.625214,460.577078
-497.891126,460.575881
-498.157558,460.574893
-498.424490,460.574148
-498.691904,460.573679
-498.959834,460.573520
-499.228314,460.573707
-499.497334,460.574278
-499.766853,460.575270
-500.036833,460.576718
-500.307248,460.578662
-500.578069,460.581151
-500.849257,460.584237
-501.120773,460.587974
-501.392578,460.592420
-501.664629,460.597633
-501.936863,460.603669
-502.209301,460.610589
-502.482081,460.618449
-502.755332,460.627289
-503.029122,460.637129
-503.303506,460.647959
-503.578547,460.659723
-503.854281,460.672342
-504.130693,460.685769
-504.407725,460.699985
-504.685347,460.714984
-504.963560,460.730785
-505.242365,460.747421
-505.521752,460.764941
-505.801717,460.783388
-506.082216,460.802801
-506.363160,460.823230
-506.644420,460.844752
-506.925669,460.867463
-507.206348,460.891466
-507.485917,460.916859
-507.764093,460.943729
-508.041001,460.972115
-508.317067,461.001982
-508.592698,461.033220
-508.868079,461.065700
-509.143075,461.099458
-509.417312,461.134715
-509.690522,461.171547
-509.962691,461.209716
-510.233861,461.248915
-510.503987,461.288956
-510.773044,461.329694
-511.041072,461.371041
-511.307970,461.413485
-511.573373,461.458282
-511.836882,461.506825
-512.098238,461.560147
-512.357203,461.619063
-512.613435,461.684368
-512.866583,461.756740
-513.116450,461.836634
-513.362944,461.924347
-513.605900,462.020045
-513.845066,462.123754
-514.080208,462.235379
-514.311122,462.354724
-514.537564,462.481474
-514.759283,462.615214
-514.976098,462.755495
-515.187890,462.901869
-515.394535,463.053885
-515.595889,463.211115
-515.791865,463.373159
-515.982488,463.539625
-516.167828,463.710129
-516.347929,463.884348
-516.565717,464.106995
-516.775398,464.334761
-516.976985,464.567383
-517.170489,464.804690
-517.356041,465.046488
-517.533917,465.292528
-517.704370,465.542691
-517.867478,465.796963
-518.023176,466.055383
-518.171334,466.318054
-518.311782,466.585126
-518.444338,466.856763
-518.568797,467.132998
-518.684941,467.413772
-518.792606,467.699022
-518.891885,467.988468
-518.983264,468.281596
-519.067376,468.577912
-519.144772,468.876947
-519.215986,469.178206
-519.281547,469.481278
-519.341917,469.785834
-519.397484,470.091519
-519.448616,470.397999
-519.495693,470.705030
-519.539105,471.012453
-519.579236,471.320159
-519.616479,471.628039
-519.651273,471.935967
-519.684249,472.243724
-519.716174,472.551024
-519.747682,472.857643
-519.779265,473.163394
-519.811365,473.468088
-519.844344,473.771559
-519.878459,474.073686
-519.913922,474.374377
-519.950899,474.673550
-519.989494,474.971169
-520.029754,475.267237
-520.071694,475.561803
-520.115278,475.854939
-520.160381,476.146846
-520.206701,476.437950
-520.253939,476.728508
-520.301924,477.018487
-520.350403,477.308055
-520.399039,477.597404
-520.447611,477.886540
-520.496004,478.175451
-520.544100,478.464166
-520.591785,478.752743
-520.638968,479.041247
-520.685569,479.329724
-520.731554,479.618134
-520.776935,479.906422
-520.821740,480.194563
-520.866008,480.482520
-520.909787,480.770254
-520.953116,481.057768
-520.996014,481.345073
-521.038489,481.632162
-521.080555,481.919037
-521.122206,482.205706
-521.163429,482.492174
-521.204212,482.778488
-521.244536,483.064693
-521.284377,483.350816
-521.323718,483.636899
-521.362571,483.922985
-521.400964,484.209103
-521.438916,484.495277
-521.476422,484.781526
-521.513473,485.067866
-521.550067,485.354308
-521.586195,485.640844
-521.621849,485.927468
-521.657034,486.214209
-521.691762,486.501078
-521.726028,486.788065
-521.759826,487.075156
-521.793152,487.362352
-521.826008,487.649677
-521.858385,487.937132
-521.890292,488.224671
-521.921760,488.512253
-521.952800,488.799946
-521.983360,489.087802
-522.013185,489.375907
-522.041794,489.664486
-522.068752,489.953741
-522.093752,490.243771
-522.116486,490.534637
-522.136561,490.826376
-522.153565,491.118932
-522.167164,491.412221
-522.177087,491.706208
-522.183106,492.000900
-522.185071,492.296357
-522.183044,492.592613
-522.177500,492.889539
-522.169089,493.186932
-522.158346,493.484640
-522.145779,493.782514
-522.131878,494.080371
-522.116935,494.378054
-522.101131,494.675451
-522.084671,494.972429
-522.067737,495.268845
-522.050463,495.564598
-522.032976,495.859619
-522.015384,496.153856
-521.997737,496.447290
-521.980033,496.739914
-521.962251,497.031686
-521.944339,497.322652
-521.926227,497.612998
-521.907863,497.902807
-521.889204,498.192116
-521.870194,498.481028
-521.850783,498.769642
-521.830930,499.058018
-521.810601,499.346228
-521.789786,499.634344
-521.768510,499.922341
-521.746829,500.210169
-521.724817,500.498045
-521.702593,500.786112
-521.680312,501.074339
-521.658115,501.362751
-521.636149,501.651395
-521.614576,501.940247
-521.593569,502.229275
-521.573345,502.518472
-521.554243,502.807812
-521.536639,503.097265
-521.520830,503.386823
-521.507040,503.676481
-521.495438,503.966224
-521.486125,504.256037
-521.479152,504.545984
-521.474559,504.836278
-521.472403,505.127135
-521.472812,505.418689
-521.475975,505.711004
-521.482120,506.004103
-521.491502,506.297954
-521.504239,506.592410
-521.520292,506.887254
-521.539652,507.182271
-521.562340,507.477257
-521.588295,507.772056
-521.617412,508.066581
-521.649619,508.360771
-521.684848,508.654545
-521.723048,508.947857
-521.764191,509.240752
-521.808263,509.533242
-521.855268,509.825311
-521.905177,510.116979
-521.957947,510.408249
-522.013595,510.699041
-522.072182,510.989239
-522.133790,511.278729
-522.198512,511.567361
-522.266439,511.854995
-522.337605,512.141557
-522.412016,512.426936
-522.489934,512.710955
-522.572127,512.993345
-522.659456,513.273775
-522.752589,513.551891
-522.852177,513.827214
-522.958725,514.099223
-523.071978,514.367562
-523.191013,514.631696
-523.315410,514.891559
-523.445141,515.147652
-523.579832,515.400390
-523.719060,515.650109
-523.862616,515.897263
-524.010249,516.142251
-524.161651,516.385343
-524.316590,516.626775
-524.474875,516.866733
-524.636340,517.105344
-524.800846,517.342706
-524.968264,517.578878
-525.138479,517.813887
-525.311390,518.047749
-525.486894,518.280480
-525.664889,518.512080
-525.845280,518.742548
-526.027977,518.971885
-526.212848,519.200048
-526.399792,519.426883
-526.588937,519.652103
-526.780418,519.875301
-526.974237,520.096141
-527.170389,520.314436
-527.368828,520.530186
-527.569353,520.743722
-527.771697,520.955515
-527.975650,521.165973
-528.180972,521.375524
-528.387389,521.584625
-528.594641,521.793644
-528.802577,522.002674
-529.011202,522.211475
-529.220578,522.419743
-529.430732,522.627294
-529.641626,522.834189
-529.853178,523.040696
-530.065337,523.247061
-530.278033,523.453459
-530.491187,523.659964
-530.704836,523.866343
-530.919092,524.072192
-531.134022,524.277237
-531.349625,524.481432
-531.565826,524.684975
-531.782527,524.888122
-531.999645,525.091074
-532.217090,525.294013
-532.434728,525.497045
-532.652522,525.700194
-532.870615,525.903276
-533.089119,526.105963
-533.308065,526.308157
-533.527469,526.510090
-533.747224,526.712031
-533.967149,526.914198
-534.187116,527.116730
-534.407067,527.319519
-534.626943,527.522356
-534.846711,527.725136
-535.066363,527.927784
-535.285866,528.130272
-535.505128,528.332829
-535.724050,528.535792
-535.942560,528.739340
-536.160631,528.943420
-536.378255,529.147864
-536.595454,529.352577
-536.812206,529.557630
-537.028446,529.763235
-537.244148,529.969593
-537.459313,530.176756
-537.673968,530.384558
-537.888167,530.592759
-538.101956,530.801217
-538.315323,531.010001
-538.528229,531.219290
-538.740668,531.429197
-538.952663,531.639781
-539.164248,531.851105
-539.375521,532.063189
-539.586669,532.275901
-539.797910,532.488801
-540.009445,532.701348
-540.221431,532.913172
-540.433932,533.124159
-540.646886,533.334475
-540.860202,533.544346
-541.073837,533.753952
-541.287783,533.963497
-541.501996,534.173157
-541.716419,534.382921
-541.931104,534.592492
-542.146152,534.801488
-542.361612,535.009690
-542.577446,535.217161
-542.793574,535.424125
-543.009922,535.630772
-543.226408,535.837259
-543.442962,536.043763
-543.659548,536.250447
-543.876131,536.457414
-544.092708,536.664753
-544.309308,536.872325
-544.526000,537.079686
-544.742916,537.286468
-544.960138,537.492483
-545.177628,537.697766
-545.395309,537.902543
-545.613187,538.107079
-545.831291,538.311623
-546.049563,538.516367
-546.267922,538.721420
-546.486387,538.926691
-546.705058,539.131822
-546.924026,539.336459
-547.143325,539.540406
-547.362896,539.743727
-547.582608,539.946646
-547.802372,540.149387
-548.022148,540.352163
-548.241894,540.555184
-548.461576,540.758586
-548.681200,540.962235
-548.900870,541.165782
-549.120655,541.369105
-549.340468,541.572377
-549.560235,541.775774
-549.779894,541.979415
-549.999363,542.183461
-550.218598,542.387912
-550.437577,542.592542
-550.656258,542.797181
-550.874637,543.001785
-551.092710,543.206336
-551.310390,543.410990
-551.527542,543.616040
-551.744071,543.821719
-551.959921,544.028116
-552.175081,544.235141
-552.389570,544.442653
-552.603400,544.650634
-552.816511,544.859216
-553.028863,545.068617
-553.240446,545.278947
-553.451276,545.490100
-553.661399,545.701869
-553.870879,545.914107
-554.079773,546.126683
-554.288135,546.339470
-554.495962,546.552508
-554.703226,546.766018
-554.909951,546.980216
-555.116160,547.195203
-555.321901,547.410963
-555.527335,547.627222
-555.732701,547.843520
-555.938218,548.059448
-556.144043,548.274792
-556.350298,548.489681
-556.557064,548.704367
-556.764331,548.918999
-556.972097,549.133670
-557.180404,549.348204
-557.389298,549.562198
-557.598834,549.775412
-557.809011,549.987925
-558.019703,550.199958
-558.230757,550.411675
-558.442089,550.623289
-558.653623,550.835016
-558.865249,551.046978
-559.076915,551.259185
-559.288691,551.471392
-559.500692,551.683199
-559.712979,551.894327
-559.925558,552.104810
-560.138333,552.314907
-560.350991,552.524866
-560.563187,552.735036
-560.774733,552.945993
-560.985434,553.158115
-561.195089,553.371481
-561.403558,553.586021
-561.610729,553.801627
-561.816366,554.018375
-562.019792,554.236694
-562.220177,554.457107
-562.416885,554.679940
-562.609391,554.905497
-562.797277,555.134152
-562.980231,555.366085
-563.158005,555.601332
-563.330430,555.839956
-563.497417,556.081960
-563.658941,556.327266
-563.815033,556.575771
-563.965760,556.827327
-564.111188,557.081694
-564.251411,557.338660
-564.386689,557.598055
-564.517767,557.859645
-564.645656,558.123097
-564.771173,558.388066
-564.895007,558.654264
-565.017840,558.921431
-565.140244,559.189299
-565.262678,559.457631
-565.385580,559.726177
-565.509376,559.994674
-565.634447,560.262874
-565.761109,560.530535
-565.889620,560.797489
-566.020184,561.063638
-566.152936,561.328909
-566.287942,561.593245
-566.425242,561.856608
-566.564860,562.118958
-566.706776,562.380270
-566.850944,562.640543
-566.997312,562.899782
-567.145835,563.157980
-567.296470,563.415130
-567.449169,563.671219
-567.603865,563.926239
-567.760464,564.180205
-567.918909,564.433158
-568.079136,564.685115
-568.241107,564.935918
-568.404924,565.185234
-568.570641,565.433007
-568.738084,565.679465
-568.907072,565.924754
-569.077510,566.168968
-569.249305,566.412256
-569.422402,566.654712
-569.596851,566.896292
-569.772787,567.136840
-569.950358,567.376134
-570.129811,567.614001
-570.311394,567.850332
-570.495212,568.085008
-570.681304,568.317933
-570.869724,568.549037
-571.060506,568.778236
-571.253637,569.005472
-571.449097,569.230727
-571.646873,569.453974
-571.846833,569.675115
-572.048408,569.893711
-572.251246,570.109539
-572.455559,570.322857
-572.661431,570.533768
-572.868786,570.742270
-573.077692,570.948556
-573.288212,571.152841
-573.500288,571.355262
-573.713865,571.555989
-573.928892,571.755216
-574.145289,571.953134
-574.362919,572.150025
-574.581620,572.346205
-574.801248,572.541831
-575.021695,572.736842
-575.242843,572.931194
-575.464530,573.125026
-575.686553,573.318683
-575.908725,573.512537
-576.130866,573.706809
-576.352861,573.901601
-576.574786,574.096852
-576.796716,574.292320
-577.018660,574.487785
-577.240651,574.683136
-577.462688,574.878460
-577.684686,575.074030
-577.906566,575.270064
-578.128315,575.466551
-578.349994,575.663303
-578.571658,575.860130
-578.793326,576.056936
-579.014966,576.253833
-579.236496,576.451067
-579.457863,576.648847
-579.679058,576.847216
-579.900113,577.045968
-580.121081,577.244856
-580.342006,577.443778
-580.562892,577.642820
-580.783738,577.842111
-581.004565,578.041716
-581.225399,578.241685
-581.446281,578.441989
-581.667331,578.642324
-581.888704,578.842245
-582.110506,579.041474
-582.332752,579.240018
-582.555392,579.438074
-582.778342,579.635804
-583.001545,579.833377
-583.224977,580.031013
-583.448580,580.228860
-583.672312,580.426927
-583.896236,580.624970
-584.120459,580.822597
-584.345032,581.019532
-584.569941,581.215797
-584.795152,581.411630
-585.020605,581.607235
-585.246235,581.802780
-585.471977,581.998454
-585.697778,582.194402
-585.923610,582.390631
-586.149535,582.586853
-586.375643,582.782761
-586.601934,582.978404
-586.828403,583.173916
-587.055116,583.369327
-587.282108,583.564659
-587.509424,583.759769
-587.737191,583.954242
-587.965459,584.147878
-588.194160,584.340871
-588.423246,584.533385
-588.652710,584.725488
-588.882525,584.917326
-589.112648,585.109028
-589.343073,585.300531
-589.573864,585.491490
-589.805085,585.681595
-590.036709,585.870943
-590.268680,586.059750
-590.500972,586.248109
-590.733553,586.436144
-590.966370,586.624026
-591.199394,586.811855
-591.432604,586.999687
-591.665977,587.187559
-591.899511,587.375331
-592.133211,587.562829
-592.367023,587.750235
-592.600857,587.937889
-592.834632,588.125925
-593.068297,588.314210
-593.301834,588.502512
-593.535236,588.690684
-593.768481,588.878813
-594.001520,589.067164
-594.234208,589.255886
-594.466237,589.444912
-594.697216,589.634122
-594.926634,589.823232
-595.154160,590.012058
-595.380027,590.200854
-595.604493,590.389831
-595.827655,590.579024
-596.049713,590.768556
-596.270902,590.958572
-596.491363,591.149126
-596.711216,591.340265
-596.930595,591.532064
-597.149584,591.724570
-597.368251,591.917737
-597.586712,592.111301
-597.805114,592.304913
-598.023596,592.498355
-598.242265,592.691623
-598.461150,592.884942
-598.680221,593.078563
-598.899467,593.272651
-599.118934,593.467170
-599.338682,593.661904
-599.558764,593.856678
-599.779214,594.051365
-600.000043,594.245819
-600.221246,594.439948
-600.442770,594.633862
-600.664483,594.827905
-600.886244,595.022420
-601.107950,595.217637
-601.329538,595.413629
-601.551006,595.610227
-601.772388,595.807193
-601.993717,596.004352
-602.215034,596.201539
-602.436390,596.398595
-602.657803,596.595484
-602.879212,596.792421
-603.100496,596.989726
-603.321351,597.187747
-603.541093,597.387069
-603.758910,597.588344
-603.974147,597.792071
-604.186221,597.998663
-604.394563,598.208499
-604.598723,598.421851
-604.798374,598.638887
-604.993266,598.859701
-605.183233,599.084333
-605.368192,599.312771
-605.548092,599.544917
-605.722909,599.780633
-605.892643,600.019793
-606.057303,600.262266
-606.216986,600.507893
-606.372155,600.756406
-606.523640,601.007384
-606.672272,601.260408
-606.818858,601.515024
-606.964254,601.770605
-607.109248,602.026595
-607.254423,602.282628
-607.400088,602.538547
-607.546331,602.794355
-607.693199,603.050137
-607.840715,603.305982
-607.988835,603.561896
-608.137566,603.817885
-608.286970,604.073859
-608.437224,604.329703
-608.588552,604.585326
-608.741066,604.840531
-608.894858,605.095170
-609.050061,605.349246
-609.206755,605.602716
-609.364936,605.855460
-609.524584,606.107411
-609.685713,606.358581
-609.848304,606.608917
-610.012358,606.858377
-610.177888,607.106963
-610.344875,607.354689
-610.513292,607.601555
-610.683132,607.847598
-610.854399,608.092757
-611.027186,608.336665
-611.201640,608.578871
-611.377867,608.819167
-611.555754,609.057571
-611.735119,609.294322
-611.915909,609.529775
-612.097986,609.764166
-612.281114,609.997753
-612.465133,610.230913
-612.649868,610.463946
-612.835057,610.697046
-613.020549,610.930284
-613.206411,611.163467
-613.392699,611.396305
-613.579372,611.628718
-613.766316,611.860919
-613.953387,612.093139
-614.140466,612.325545
-614.327463,612.558302
-614.514367,612.791390
-614.701313,613.024504
-614.888436,613.257328
-615.075781,613.489777
-615.263018,613.721634
-615.449523,613.952373
-615.635323,614.182306
-615.820679,614.412018
-616.005521,614.641592
-616.189840,614.871135
-616.373786,615.100945
-616.557405,615.331160
-616.740685,615.561816
-616.923715,615.792892
-617.106665,616.024094
-617.289671,616.255157
-617.472795,616.486179
-617.656061,616.717274
-617.839562,616.948453
-618.023398,617.179740
-618.207700,617.410968
-618.392722,617.641710
-618.578641,617.871762
-618.765455,618.101318
-618.953103,618.330491
-619.141657,618.559229
-619.331262,618.787292
-619.521971,619.014307
-619.713797,619.240077
-619.906720,619.464797
-620.100591,619.688718
-620.295271,619.912010
-620.490686,620.134890
-620.686721,620.357545
-620.883255,620.580056
-621.080313,620.802396
-621.278043,621.024273
-621.476562,621.245306
-621.675940,621.465360
-621.876125,621.684597
-622.076968,621.903245
-622.278366,622.121494
-622.480261,622.339565
-622.682555,622.557555
-622.885247,622.775244
-623.088461,622.992428
-623.292186,623.209268
-623.496300,623.425947
-623.700754,623.642533
-623.905542,623.859147
-624.110647,624.075699
-624.316185,624.291775
-624.522336,624.507019
-624.729149,624.721231
-624.936506,624.934389
-625.144394,625.146819
-625.352807,625.358844
-625.561624,625.570605
-625.770766,625.782272
-625.980235,625.994027
-626.190035,626.205748
-626.400253,626.417020
-626.611070,626.627535
-626.822555,626.837200
-627.034618,627.046152
-627.247190,627.254640
-627.460219,627.462873
-627.673594,627.670978
-627.887278,627.878888
-628.101377,628.086294
-628.315927,628.293029
-628.530869,628.499283
-628.746208,628.705205
-628.961974,628.910792
-629.178090,629.116015
-629.394596,629.320790
-629.611689,629.524898
-629.829404,629.728262
-630.047680,629.931023
-630.266543,630.133289
-630.486007,630.335091
-630.706069,630.536358
-630.926802,630.736729
-631.148281,630.935905
-631.370419,631.133967
-631.593193,631.331163
-631.816669,631.527664
-632.040805,631.723564
-632.265602,631.918811
-632.491141,632.113132
-632.717387,632.306471
-632.944273,632.499095
-633.171782,632.691192
-633.399874,632.882857
-633.628451,633.074184
-633.857496,633.265022
-634.087096,633.455093
-634.317248,633.644472
-634.547854,633.833407
-634.778885,634.022042
-635.010312,634.210523
-635.242051,634.398980
-635.474096,634.587214
-635.706497,634.774801
-635.939277,634.961472
-636.172460,635.147283
-636.406047,635.332491
-636.639983,635.517318
-636.874192,635.701937
-637.108617,635.886543
-637.343231,636.071309
-637.577984,636.256294
-637.812880,636.441352
-638.048009,636.626098
-638.283411,636.810128
-638.519142,636.993319
-638.755239,637.175865
-638.991645,637.357985
-639.228303,637.539846
-639.465182,637.721639
-639.702235,637.903535
-639.939426,638.085578
-640.176785,638.267529
-640.414330,638.449020
-640.652031,638.630040
-640.889888,638.810895
-641.127852,638.991836
-641.365793,639.173057
-641.603596,639.354677
-641.841187,639.536599
-642.078487,639.718693
-642.315406,639.901027
-642.551860,640.083862
-642.787770,640.267458
-643.023032,640.451982
-643.257557,640.637494
-643.491355,640.823890
-643.724444,641.010980
-643.956799,641.198603
-644.188445,641.386656
-644.419419,641.575168
-644.649694,641.764365
-644.879246,641.954479
-645.108082,642.145606
-645.336184,642.337633
-645.563589,642.530357
-645.790382,642.723645
-646.016593,642.917507
-646.242223,643.112090
-646.467287,643.307528
-646.691802,643.503899
-646.915794,643.701231
-647.139336,643.899407
-647.362572,644.098017
-647.585699,644.296499
-647.808939,644.494439
-648.032453,644.691738
-648.256312,644.888465
-648.480551,645.084690
-648.705188,645.280514
-648.930208,645.476068
-649.155588,645.671458
-649.381329,645.866750
-649.607472,646.061864
-649.834082,646.256386
-650.061277,646.449885
-650.289168,646.642130
-650.517750,646.833128
-650.746937,647.023120
-650.976670,647.212369
-651.206894,647.401076
-651.437542,647.589438
-651.668558,647.777633
-651.899901,647.965785
-652.131528,648.153975
-652.363441,648.342111
-652.595716,648.529810
-652.828447,648.716653
-653.061675,648.902466
-653.295344,649.087433
-653.529356,649.271886
-653.763619,649.456110
-653.998027,649.640400
-654.232466,649.825080
-654.466836,650.010374
-654.701091,650.196222
-654.935235,650.382337
-655.169275,650.568494
-655.403231,650.754730
-655.637144,650.941333
-655.871025,651.128573
-656.104849,651.316491
-656.338578,651.504852
-656.572169,651.693363
-656.805529,651.881770
-657.038657,652.069901
-657.271624,652.257737
-657.504376,652.445481
-657.736818,652.633437
-657.968915,652.821845
-658.200634,653.010894
-658.431940,653.200694
-658.662860,653.391089
-658.893451,653.581745
-659.123685,653.772387
-659.353369,653.963115
-659.581958,654.154567
-659.808969,654.347296
-660.034336,654.541543
-660.258078,654.737553
-660.480126,654.935453
-660.700396,655.135166
-660.918478,655.336937
-661.133678,655.541300
-661.345419,655.748595
-661.553298,655.959088
-661.756947,656.173072
-661.956037,656.390706
-662.150356,656.612042
-662.339778,656.837097
-662.524204,657.065836
-662.703568,657.298178
-662.877931,657.533984
-663.047740,657.772971
-663.213798,658.014707
-663.376902,658.258773
-663.537801,658.504734
-663.697305,658.751967
-663.856166,658.999834
-664.014931,659.247901
-664.173903,659.496026
-664.333230,659.744217
-664.493048,659.992423
-664.653592,660.240374
-664.815193,660.487620
-664.978184,660.733793
-665.142752,660.978735
-665.308904,661.222515
-665.476619,661.465296
-665.645882,661.707243
-665.816636,661.948472
-665.988924,662.188851
-666.162927,662.428008
-666.338776,662.665641
-666.516473,662.901656
-666.695887,663.136217
-666.876831,663.369611
-667.059149,663.602065
-667.242694,663.833778
-667.427385,664.064818
-667.613303,664.294944
-667.800567,664.523855
-667.989187,664.751468
-668.179038,664.977978
-668.369948,665.203671
-668.561767,665.428777
-668.754361,665.653510
-668.947636,665.877997
-669.141629,666.102067
-669.336467,666.325370
-669.532213,666.547736
-669.728801,666.769297
-669.926137,666.990260
-670.124153,667.210759
-670.322735,667.430885
-670.521866,667.650827
-670.721620,667.870755
-670.922048,668.090451
-671.123275,668.309454
-671.325469,668.527433
-671.528671,668.744215
-671.732790,668.959884
-671.937730,669.174699
-672.143422,669.388884
-672.349749,669.602570
-672.556597,669.815900
-672.763926,670.029038
-672.971723,670.242117
-673.179973,670.455118
-673.388780,670.667766
-673.598272,670.879666
-673.808505,671.090554
-674.019490,671.300433
-674.231127,671.509514
-674.443310,671.718039
-674.655991,671.926192
-674.869165,672.134120
-675.082847,672.341895
-675.297078,672.549507
-675.511888,672.756909
-675.727302,672.964051
-675.943350,673.170911
-676.160029,673.377456
-676.377367,673.583678
-676.595381,673.789562
-676.814068,673.995075
-677.033456,674.200206
-677.253560,674.404933
-677.474362,674.609213
-677.695806,674.812981
-677.917829,675.016201
-678.140399,675.218860
-678.363532,675.420968
-678.587242,675.622519
-678.811497,675.823470
-679.036308,676.023822
-679.261675,676.223583
-679.487583,676.422755
-679.714025,676.621379
-679.940958,676.819460
-680.168350,677.016965
-680.396234,677.213866
-680.624653,677.410096
-680.853608,677.605518
-681.083121,677.800001
-681.313304,677.993487
-681.544257,678.185903
-681.776038,678.377145
-682.008719,678.567141
-682.242377,678.755834
-682.477031,678.943144
-682.712727,679.129017
-682.949547,679.313419
-683.187509,679.496276
-683.426626,679.677516
-683.666915,679.857086
-683.908344,680.034902
-684.150900,680.210868
-684.394582,680.384898
-684.639359,680.556911
-684.885229,680.726835
-685.132190,680.894585
-685.380173,681.060044
-685.629126,681.223103
-685.878849,681.383586
-686.128663,681.541113
-686.378393,681.695539
-686.628466,681.846957
-686.879031,681.995303
-687.130230,682.140465
-687.382370,682.282353
-687.635607,682.420774
-687.890067,682.555506
-688.145967,682.686453
-688.403470,682.813663
-688.662679,682.937237
-688.923714,683.057311
-689.186683,683.174035
-689.451649,683.287532
-689.718627,683.397918
-689.987609,683.505328
-690.258577,683.609909
-690.531472,683.711794
-690.806201,683.811106
-691.082665,683.907964
-691.360746,684.002480
-691.640353,684.094772
-691.921401,684.184956
-692.203782,684.273127
-692.487375,684.359356
-692.772092,684.443717
-693.057852,684.526296
-693.344552,684.607187
-693.632140,684.686529
-693.920565,684.764540
-694.209787,684.841439
-694.499758,684.917413
-694.790379,684.992671
-695.081630,685.067439
-695.373620,685.141895
-695.666419,685.216124
-695.960012,685.290153
-696.254361,685.363992
-696.549392,685.437626
-696.844971,685.510998
-697.141028,685.584046
-697.437528,685.656704
-697.734411,685.728865
-698.031675,685.800413
-698.329361,685.871239
-698.627455,685.941210
-698.925901,686.010180
-699.224666,686.078018
-699.523721,686.144607
-699.822960,686.209816
-700.122388,686.273548
-700.422145,686.335761
-700.722273,686.396402
-701.022767,686.455418
-701.323658,686.512791
-701.624983,686.568499
-701.926743,686.622506
-702.228924,686.674799
-702.531524,686.725391
-702.834466,686.774295
-703.137763,686.821542
-703.441550,686.867225
-703.745846,686.911449
-704.050639,686.954308
-704.355976,686.995888
-704.661853,687.036274
-704.968218,687.075546
-705.275037,687.113767
-705.582257,687.150970
-705.889779,687.187154
-706.197545,687.222319
-706.505548,687.256491
-706.813742,687.289685
-707.122070,687.321898
-707.430497,687.353124
-707.738969,687.383334
-708.047413,687.412478
-708.355765,687.440511
-708.663958,687.467400
-708.971893,687.493106
-709.279499,687.517581
-709.586763,687.540824
-709.893687,687.562924
-710.200278,687.584041
-710.506529,687.604388
-710.812383,687.624220
-711.117711,687.643778
-711.422353,687.663277
-711.726184,687.682924
-712.029114,687.702868
-712.331128,687.723169
-712.632267,687.743851
-712.932578,687.764935
-713.232134,687.786454
-713.531104,687.808487
-713.829767,687.831195
-714.128286,687.854906
-714.426571,687.880154
-714.724532,687.907262
-715.022173,687.936212
-715.319460,687.966986
-715.616288,687.999814
-715.912474,688.035413
-716.207791,688.074686
-716.501994,688.118627
-716.794741,688.168733
-717.085630,688.226522
-717.374278,688.293021
-717.660263,688.369033
-717.943075,688.455174
-718.222346,688.551702
-718.497898,688.658644
-718.769473,688.775839
-719.036845,688.902846
-719.299900,689.039114
-719.558458,689.184207
-719.812275,689.337766
-720.061139,689.499437
-720.304870,689.668866
-720.543319,689.845664
-720.776399,690.029416
-721.004068,690.219709
-721.226309,690.416146
-721.443096,690.618362
-721.654410,690.826019
-721.860259,691.038784
-722.060689,691.256321
-722.255746,691.478325
-722.445461,691.704526
-722.629873,691.934668
-722.809035,692.168499
-722.982990,692.405784
-723.151822,692.646291
-723.315946,692.889713
-723.476193,693.135641
-723.633405,693.383661
-723.788310,693.633389
-723.941619,693.884449
-724.093961,694.136488
-724.245833,694.389136
-724.397758,694.641916
-724.550302,694.894304
-724.703871,695.145924
-724.858609,695.396717
-725.014524,695.646810
-725.171596,695.896314
-725.329763,696.145346
-725.488987,696.393956
-725.649404,696.641912
-725.811204,696.888885
-725.974467,697.134724
-726.139103,697.379551
-726.304946,697.623605
-726.471845,697.867091
-726.639654,698.110206
-726.808254,698.353097
-726.977679,698.595653
-727.148095,698.837544
-727.319625,699.078530
-727.492251,699.318622
-727.665837,699.558033
-727.840236,699.796983
-728.015316,700.035659
-728.190947,700.274249
-728.367020,700.512920
-728.543468,700.751762
-728.720358,700.990632
-728.897858,701.229188
-729.076095,701.467158
-729.255093,701.704442
-729.434805,701.941258
-729.615216,702.178023
-729.796334,702.415067
-729.978106,702.652561
-730.160520,702.890375
-730.343639,703.128105
-730.527493,703.365411
-730.712042,703.602276
-730.897192,703.838934
-731.082773,704.075529
-731.268643,704.311973
-731.454818,704.548030
-731.641272,704.783671
-731.827845,705.019108
-732.014418,705.254486
-732.200926,705.489891
-732.387277,705.725448
-732.573387,705.961253
-732.759232,706.197343
-732.944864,706.433748
-733.130414,706.670504
-733.316052,706.907548
-733.502005,707.144485
-733.688577,707.380687
-733.876075,707.615706
-734.064795,707.849549
-734.254995,708.082607
-734.446812,708.315224
-734.640249,708.547501
-734.835245,708.779119
-735.031758,709.009531
-735.229764,709.238318
-735.429224,709.465167
-735.630094,709.689862
-735.832270,709.912544
-736.035573,710.133639
-736.239847,710.353501
-736.444968,710.572400
-736.650809,710.790623
-736.857240,711.008386
-737.064178,711.225854
-737.271569,711.443142
-737.479421,711.660131
-737.687820,711.876515
-737.896854,712.092111
-738.106526,712.307026
-738.316751,712.521602
-738.527419,712.736176
-738.738405,712.950995
-738.949550,713.166245
-739.160748,713.381907
-739.372028,713.597645
-739.583439,713.813103
-739.794973,714.028262
-740.006572,714.243347
-740.218143,714.458518
-740.429573,714.673873
-740.640760,714.889543
-740.851623,715.105622
-741.062121,715.322030
-741.272323,715.538478
-741.482321,715.754815
-741.692093,715.971181
-741.901592,716.187704
-742.110811,716.404425
-742.319720,716.621441
-742.528247,716.838879
-742.736303,717.056845
-742.943786,717.275428
-743.150622,717.494781
-743.356851,717.715141
-743.562464,717.936381
-743.767386,718.158115
-743.971602,718.380154
-744.175108,718.602587
-744.377848,718.825598
-744.579754,719.049330
-744.780794,719.273960
-744.980949,719.499701
-745.180183,719.726497
-745.378475,719.953998
-745.575852,720.181919
-745.772357,720.410198
-745.968008,720.638950
-746.162832,720.868323
-746.356836,721.098394
-746.550035,721.329188
-746.742536,721.560561
-746.934464,721.792201
-747.125905,722.023844
-747.316993,722.255459
-747.507850,722.487209
-747.698533,722.719218
-747.889123,722.951539
-748.079735,723.184204
-748.270499,723.417241
-748.461619,723.650694
-748.653272,723.884310
-748.845574,724.117500
-749.038637,724.349801
-749.232545,724.581121
-749.427241,724.811648
-749.622550,725.041556
-749.818340,725.271010
-750.014501,725.500195
-750.210904,725.729262
-750.407440,725.958186
-750.604149,726.186670
-750.801209,726.414434
-750.998595,726.641492
-751.196218,726.868082
-751.394089,727.094392
-751.592181,727.320544
-751.790437,727.546701
-751.988824,727.772944
-752.187392,727.999088
-752.386283,728.224824
-752.585549,728.450145
-752.785104,728.675204
-752.984916,728.900065
-753.185025,729.124841
-753.385433,729.349546
-753.586199,729.573837
-753.787482,729.797296
-753.989398,730.019683
-754.191942,730.240968
-754.395090,730.461430
-754.598747,730.681335
-754.802757,730.900810
-755.006996,731.119999
-755.211422,731.339102
-755.416048,731.558289
-755.620883,731.777458
-755.826033,731.996224
-756.031656,732.214255
-756.237788,732.431508
-756.444330,732.648152
-756.651184,732.864340
-756.858300,733.080238
-757.065615,733.296031
-757.273056,733.511880
-757.480582,733.727822
-757.688232,733.943653
-757.896074,734.159119
-758.104093,734.374198
-758.312160,734.589108
-758.520155,734.804081
-758.727976,735.019267
-758.935550,735.234854
-759.142790,735.450958
-759.349695,735.667520
-759.556417,735.884315
-759.763065,736.101051
-759.969677,736.317528
-760.176252,736.533796
-760.382717,736.750081
-760.588978,736.966556
-760.794975,737.183378
-761.000664,737.400727
-761.205960,737.618670
-761.410869,737.837120
-761.615549,738.055837
-761.820118,738.274512
-762.024608,738.492992
-762.228992,738.711402
-762.433214,738.929943
-762.637226,739.148749
-762.841042,739.367936
-763.044703,739.587559
-763.248261,739.807575
-763.451912,740.027828
-763.655893,740.247864
-763.860365,740.467180
-764.065425,740.685547
-764.271057,740.903083
-764.477232,741.120038
-764.683994,741.336643
-764.891338,741.553098
-765.099180,741.769452
-765.307224,741.985197
-765.515004,742.199494
-765.722624,742.412143
-765.930351,742.623418
-766.138108,742.833533
-766.345847,743.042723
-766.553671,743.251313
-766.761586,743.459542
-766.969567,743.667586
-767.177658,743.875624
-767.385810,744.083720
-767.594052,744.291997
-767.802543,744.500659
-768.011345,744.709779
-768.220486,744.919236
-768.430080,745.128632
-768.640253,745.337493
-768.851086,745.545541
-769.062656,745.752820
-769.275006,745.959639
-769.488078,746.166255
-769.701806,746.372763
-769.916194,746.578987
-770.131270,746.784591
-770.347032,746.989440
-770.563399,747.193742
-770.780257,747.397756
-770.997515,747.601625
-771.215162,747.805309
-771.433238,748.008600
-771.651680,748.211503
-771.870394,748.414274
-772.089274,748.617151
-772.307756,748.820638
-772.524820,749.025644
-772.739476,749.233092
-772.950875,749.443670
-773.158208,749.657916
-773.360711,749.876286
-773.557698,750.099124
-773.748557,750.326613
-773.932803,750.558909
-774.110119,750.796123
-774.280316,751.038157
-774.443315,751.284808
-774.599098,751.535912
-774.747704,751.791243
-774.889238,752.050498
-775.023833,752.313389
-775.151608,752.579641
-775.272676,752.848969
-775.387176,753.121098
-775.495260,753.395755
-775.597049,753.672682
-775.692663,753.951640
-775.782244,754.232402
-775.865951,754.514748
-775.944002,754.798470
-776.016955,755.083394
-776.085755,755.369382
-776.151330,755.656252
-776.214493,755.943877
-776.276024,756.232173
-776.336605,756.521026
-776.397187,756.810200
-776.459190,757.099316
-776.523934,757.387980
-776.592272,757.675877
-776.664672,757.962761
-776.741465,758.248419
-776.822918,758.532672
-776.909238,758.815435
-777.000515,759.096660
-777.096721,759.376286
-777.197781,759.654284
-777.303621,759.930631
-777.414152,760.205291
-777.529261,760.478231
-777.648828,760.749429
-777.772704,761.018853
-777.900713,761.286466
-778.032701,761.552306
-778.168517,761.816423
-778.307965,762.078830
-778.450855,762.339562
-778.597003,762.598672
-778.746227,762.856209
-778.898335,763.112234
-779.053146,763.366820
-779.210473,763.620046
-779.370127,763.871996
-779.531915,764.122755
-779.695682,764.372365
-779.861319,764.620749
-780.028642,764.867907
-780.197356,765.114122
-780.367124,765.359741
-780.537587,765.605054
-780.708354,765.850392
-780.879129,766.095938
-781.049798,766.341465
-781.220368,766.586768
-781.390862,766.832023
-781.561159,767.077456
-781.731120,767.323189
-781.900669,767.569374
-782.069779,767.816080
-782.238528,768.063083
-782.407059,768.310089
-782.575468,768.556915
-782.743738,768.803532
-782.911805,769.050154
-783.079593,769.297021
-783.247016,769.544269
-783.414016,769.791994
-783.580660,770.040103
-783.747105,770.288304
-783.913467,770.536379
-784.079756,770.784341
-784.245882,771.032364
-784.411746,771.280621
-784.577296,771.529312
-784.742480,771.778659
-784.907249,772.028751
-785.071638,772.279416
-785.235731,772.530369
-785.399573,772.781402
-785.563197,773.032345
-785.726605,773.283124
-785.889684,773.533898
-786.052288,773.784961
-786.214341,774.036597
-786.375759,774.288975
-786.536472,774.542077
-786.696520,774.795682
-786.855982,775.049545
-787.014915,775.303481
-787.173395,775.557325
-787.331463,775.811020
-787.489049,776.064742
-787.646051,776.318735
-787.802413,776.573157
-787.958093,776.828132
-788.113105,777.083670
-788.267585,777.339547
-788.421699,777.595504
-788.575530,777.851451
-788.729038,778.107501
-788.882140,778.363816
-789.034766,778.620501
-789.186833,778.877643
-789.338314,779.135332
-789.489309,779.393451
-789.639955,779.651723
-789.790328,779.909983
-789.940403,780.168296
-790.090076,780.426841
-790.239256,780.685747
-790.387946,780.944989
-790.536239,781.204383
-790.684220,781.463767
-790.831901,781.723130
-790.979188,781.982642
-791.125967,782.242490
-791.272183,782.502771
-791.417894,782.763409
-791.563241,783.024189
-791.708354,783.284924
-791.853290,783.545559
-791.997973,783.806228
-792.142276,784.067135
-792.286136,784.328441
-792.429582,784.590351
-792.572715,784.853028
-792.715748,785.116251
-792.858951,785.379573
-793.002553,785.642667
-793.146732,785.905281
-793.291568,786.167250
-793.436910,786.428704
-793.582504,786.689856
-793.728206,786.950912
-793.873911,787.212103
-794.019463,787.473577
-794.164756,787.735411
-794.309834,787.997543
-794.454900,788.259679
-794.600163,788.521501
-794.745716,788.782895
-794.891489,789.043980
-795.037348,789.304942
-795.183188,789.565929
-795.328902,789.827088
-795.474380,790.088558
-795.619571,790.350389
-795.764581,790.612415
-795.909631,790.874319
-796.054888,791.135872
-796.200364,791.397067
-796.345948,791.658097
-796.491550,791.919201
-796.637171,792.180695
-796.782881,792.443055
-796.928774,792.706756
-797.074903,792.972148
-797.221262,793.239506
-797.367820,793.508813
-797.514609,793.779426
-797.661634,794.050451
-797.808791,794.321301
-797.955918,794.592034
-798.102865,794.863050
-798.249528,795.134673
-798.395763,795.407125
-798.541345,795.680504
-798.685978,795.954640
-798.829301,796.229113
-798.970923,796.503396
-799.110498,796.776967
-799.247450,797.048965
-799.380281,797.317383
-799.507174,797.579885
-799.626850,797.834672
-799.738313,798.079899
-799.840857,798.313936
-799.951931,798.578904
-800.050333,798.826075
-800.150133,799.091943
-800.235361,799.334566
-800.317240,799.585250
-800.392678,799.836398
-800.459508,800.081204
-800.520323,800.332610
-800.571107,800.587722
-800.598481,800.838457
-800.359494,800.756949
-800.234908,800.530192
-800.126225,800.303590
-800.027313,800.071708
